0,0,-0.758882,0.0344055,0.0362803,2.87886,0.00843307,-0.060288,2.60339,-0.042826,-0.146151,-1.68187,0.0565578,-0.157236,0.879584,0,0,0,0,0,0,0,0,0,0,0,0,0,0,0
0,0,-0.758882,0.0344055,0.0362803,2.87886,0.00843307,-0.060288,2.60339,-0.042826,-0.146151,-1.68187,0.0565578,-0.157236,0.879584,0,0,0,0,0,0,0,0,0,0,0,0,0,0,0
0,0,-0.758882,0.0344055,0.0362803,2.87886,0.00843307,-0.060288,2.60339,-0.042826,-0.146151,-1.68187,0.0565578,-0.157236,0.879584,0,0,0,0,0,0,0,0,0,0,0,0,0,0,0
1.03411e-07,-1.323e-07,-0.758882,0.0344056,0.0362801,2.87885,0.00843296,-0.0602881,2.60339,-0.042826,-0.146151,-1.68187,0.0565578,-0.157236,0.879582,8.30364e-05,-1.24196e-05,8.49016e-06,-6.67388e-05,5.02484e-05,-0.00111465,2.93731e-05,6.05191e-05,0.000317343,5.60602e-05,-2.29215e-05,0.00160406,7.47088e-05,7.63675e-05,-0.000773455
3.06005e-07,-3.83696e-07,-0.758882,0.0344058,0.0362799,2.87885,0.0084327,-0.0602882,2.6034,-0.0428261,-0.146152,-1.68186,0.0565577,-0.157235,0.879579,0.000159996,-2.15038e-05,7.11266e-05,-0.000127341,9.33813e-05,-0.0023476,7.79715e-05,0.000119077,0.00090412,0.000113533,-3.80063e-05,0.00307332,0.000141256,0.000138019,-0.00163533
6.02738e-07,-7.43127e-07,-0.758882,0.0344061,0.0362796,2.87884,0.00843228,-0.0602883,2.6034,-0.0428263,-0.146152,-1.68185,0.0565577,-0.157235,0.879574,0.00023132,-2.83097e-05,0.00018893,-0.000181646,0.000130514,-0.00364261,0.000140235,0.00017526,0.00168368,0.000171169,-4.69994e-05,0.00441509,0.000200342,0.0001875,-0.00257026
9.90439e-07,-1.2009e-06,-0.758881,0.0344065,0.0362791,2.87883,0.00843168,-0.0602885,2.6034,-0.0428264,-0.146152,-1.68184,0.0565577,-0.157234,0.879567,0.000298158,-3.26906e-05,0.000362281,-0.000230719,0.000162055,-0.0049988,0.000214944,0.000229147,0.00263461,0.000228658,-5.07716e-05,0.00563786,0.000252456,0.000226173,-0.00356366
1.46769e-06,-1.74862e-06,-0.75888,0.0344069,0.0362786,2.87882,0.00843088,-0.0602887,2.60341,-0.0428266,-0.146153,-1.68183,0.0565577,-0.157233,0.879558,0.000361596,-3.45131e-05,0.000591378,-0.00027557,0.000188399,-0.00641516,0.000300922,0.000280813,0.00373638,0.000285707,-5.01525e-05,0.00674978,0.000298073,0.000255342,-0.00460162
2.03474e-06,-2.37913e-06,-0.758878,0.0344074,0.036278,2.8788,0.00842985,-0.0602889,2.60342,-0.0428267,-0.146154,-1.68181,0.0565577,-0.157232,0.879546,0.000422659,-3.36572e-05,0.000876238,-0.000317157,0.000209927,-0.00789056,0.000397037,0.000330333,0.00496933,0.000342037,-4.59307e-05,0.00775874,0.000337653,0.000276252,-0.00567087
2.69337e-06,-3.08645e-06,-0.758876,0.034408,0.0362774,2.87878,0.00842861,-0.060289,2.60343,-0.0428269,-0.146154,-1.68179,0.0565577,-0.157232,0.879533,0.00048231,-3.00165e-05,0.0012167,-0.000356384,0.000227008,-0.00942376,0.000502199,0.000377778,0.00631469,0.000397388,-3.88539e-05,0.00867234,0.000371639,0.000290085,-0.00675883
3.4468e-06,-3.8657e-06,-0.758872,0.0344086,0.0362768,2.87876,0.00842711,-0.0602891,2.60345,-0.0428271,-0.146155,-1.68178,0.0565577,-0.157231,0.879517,0.00054145,-2.34974e-05,0.00161242,-0.000394104,0.000239996,-0.0110134,0.000615361,0.000423218,0.00775453,0.000451514,-2.96286e-05,0.00949786,0.000400459,0.000297968,-0.00785357
4.29958e-06,-4.71303e-06,-0.758868,0.0344093,0.036276,2.87874,0.00842537,-0.0602891,2.60347,-0.0428272,-0.146156,-1.68176,0.0565578,-0.157229,0.879499,0.000600919,-1.40202e-05,0.00206286,-0.000431115,0.000249233,-0.012658,0.00073552,0.000466722,0.00927181,0.000504188,-1.89201e-05,0.0102423,0.000424526,0.000300966,-0.00894383
5.25748e-06,-5.62558e-06,-0.758863,0.0344101,0.0362753,2.87871,0.00842337,-0.0602891,2.60349,-0.0428274,-0.146157,-1.68173,0.0565579,-0.157228,0.879479,0.000661494,-1.51817e-06,0.00256734,-0.000468165,0.000255046,-0.014356,0.000861717,0.000508355,0.0108504,0.000555196,-7.35276e-06,0.0109124,0.000444237,0.000300084,-0.010019
6.32737e-06,-6.60138e-06,-0.758857,0.0344109,0.0362746,2.87868,0.0084211,-0.060289,2.60352,-0.0428275,-0.146159,-1.68171,0.0565581,-0.157227,0.879457,0.000723891,1.40622e-05,0.00312496,-0.000505946,0.00025775,-0.0161057,0.000993035,0.00054818,0.0124749,0.000604344,4.49006e-06,0.0115146,0.000459973,0.00029627,-0.0110692
7.51633e-06,-7.63952e-06,-0.758849,0.0344119,0.0362738,2.87864,0.00841857,-0.0602889,2.60354,-0.0428276,-0.14616,-1.68169,0.0565582,-0.157226,0.879433,0.000788536,3.24018e-05,0.00373478,-0.000544724,0.000257849,-0.0178888,0.00112733,0.000586114,0.014115,0.000651179,1.582e-05,0.0120545,0.000472156,0.000290743,-0.0120851
8.83032e-06,-8.74037e-06,-0.758841,0.0344129,0.036273,2.8786,0.00841577,-0.0602887,2.60358,-0.0428277,-0.146161,-1.68166,0.0565584,-0.157225,0.879407,0.000855472,5.26577e-05,0.0043959,-0.000584173,0.000256125,-0.0196637,0.00126069,0.000621865,0.0157182,0.000694881,2.55395e-05,0.0125369,0.000481274,0.000285133,-0.0130579
1.02757e-05,-9.90509e-06,-0.75883,0.0344139,0.0362722,2.87856,0.0084127,-0.0602884,2.60361,-0.0428278,-0.146163,-1.68164,0.0565586,-0.157224,0.879379,0.000925129,7.46879e-05,0.00510693,-0.000624665,0.000252942,-0.0214212,0.00139179,0.000655426,0.0172647,0.000735185,3.30808e-05,0.0129674,0.000487683,0.000280354,-0.0139798
1.18593e-05,-1.11356e-05,-0.758819,0.0344151,0.0362713,2.87851,0.00840939,-0.060288,2.60365,-0.0428279,-0.146164,-1.68161,0.0565588,-0.157223,0.879349,0.000997884,9.83517e-05,0.00586634,-0.000666534,0.000248637,-0.0231527,0.00151937,0.000686798,0.0187364,0.000771856,3.79268e-05,0.0133508,0.000491723,0.000277247,-0.0148435
1.35881e-05,-1.24343e-05,-0.758805,0.0344163,0.0362705,2.87846,0.00840584,-0.0602875,2.60369,-0.042828,-0.146166,-1.68158,0.056559,-0.157222,0.879318,0.00107406,0.00012351,0.00667237,-0.000710075,0.000243529,-0.02485,0.00164226,0.000715983,0.0201166,0.000804683,3.96109e-05,0.013692,0.000493714,0.000276579,-0.0156424
1.54693e-05,-1.38045e-05,-0.75879,0.0344177,0.0362696,2.87841,0.00840205,-0.060287,2.60373,-0.0428281,-0.146168,-1.68155,0.0565592,-0.157221,0.879285,0.00115394,0.000150024,0.00752309,-0.000755545,0.000237912,-0.0265054,0.00175943,0.000742987,0.0213902,0.000833484,3.77172e-05,0.0139956,0.000493959,0.000279046,-0.0163704
1.75102e-05,-1.52497e-05,-0.758773,0.0344191,0.0362688,2.87835,0.00839805,-0.0602864,2.60378,-0.0428282,-0.146169,-1.68152,0.0565594,-0.15722,0.879251,0.00123772,0.000177757,0.0084164,-0.000803164,0.000232061,-0.0281118,0.00186988,0.000767822,0.0225434,0.000858107,3.18804e-05,0.0142658,0.000492742,0.000285271,-0.0170223
1.97184e-05,-1.6774e-05,-0.758755,0.0344206,0.0362679,2.87829,0.00839386,-0.0602858,2.60382,-0.0428284,-0.146171,-1.6815,0.0565595,-0.157218,0.879216,0.00132559,0.000206575,0.00935,-0.000853115,0.000226226,-0.0296627,0.00197274,0.000790502,0.0235642,0.000878424,2.17858e-05,0.0145065,0.000490327,0.000295805,-0.0175936
2.21012e-05,-1.83816e-05,-0.758734,0.0344223,0.036267,2.87823,0.00838947,-0.060285,2.60387,-0.0428286,-0.146173,-1.68147,0.0565597,-0.157217,0.87918,0.00141764,0.000236344,0.0103214,-0.000905542,0.000220636,-0.0311519,0.00206723,0.000811047,0.0244418,0.000894335,7.16931e-06,0.0147216,0.000486963,0.000311126,-0.0180801
2.46659e-05,-2.00773e-05,-0.758711,0.034424,0.0362661,2.87817,0.00838493,-0.0602843,2.60392,-0.0428288,-0.146175,-1.68144,0.0565598,-0.157216,0.879143,0.00151394,0.00026693,0.0113279,-0.000960551,0.000215498,-0.0325741,0.00215266,0.000829478,0.0251671,0.000905771,-1.21827e-05,0.0149144,0.000482876,0.000331639,-0.0184787
2.74196e-05,-2.18659e-05,-0.758687,0.0344259,0.0362651,2.8781,0.00838023,-0.0602834,2.60397,-0.0428291,-0.146176,-1.68141,0.0565598,-0.157215,0.879105,0.0016145,0.000298203,0.0123667,-0.00101821,0.000210997,-0.033924,0.00222843,0.000845822,0.0257325,0.000912685,-3.6433e-05,0.015088,0.000478279,0.00035768,-0.0187868
3.03693e-05,-2.37524e-05,-0.75866,0.0344278,0.0362642,2.87803,0.00837541,-0.0602825,2.60403,-0.0428294,-0.146178,-1.68138,0.0565598,-0.157214,0.879067,0.00171927,0.000330033,0.0134347,-0.00107855,0.000207294,-0.0351973,0.00229402,0.000860111,0.0261318,0.000915062,-6.56939e-05,0.0152455,0.000473362,0.000389507,-0.0190023
3.35214e-05,-2.57418e-05,-0.758631,0.0344299,0.0362632,2.87795,0.00837048,-0.0602816,2.60408,-0.0428298,-0.14618,-1.68135,0.0565598,-0.157212,0.879029,0.00182814,0.000362291,0.0145287,-0.00114157,0.000204531,-0.03639,0.00234904,0.000872378,0.0263604,0.000912911,-0.000100027,0.0153893,0.000468299,0.00042731,-0.0191239
3.68821e-05,-2.7839e-05,-0.758599,0.0344322,0.0362622,2.87788,0.00836547,-0.0602807,2.60413,-0.0428303,-0.146182,-1.68131,0.0565597,-0.157211,0.878991,0.00194097,0.00039485,0.0156453,-0.00120721,0.000202827,-0.0374987,0.00239315,0.000882663,0.026415,0.000906272,-0.000139444,0.0155217,0.000463248,0.000471206,-0.0191512
4.04562e-05,-3.00485e-05,-0.758566,0.0344345,0.0362611,2.8778,0.00836039,-0.0602798,2.60418,-0.0428308,-0.146184,-1.68128,0.0565594,-0.15721,0.878952,0.00205702,0.000427413,0.0167752,-0.00127511,0.000202315,-0.0385152,0.00242589,0.000890979,0.0262936,0.000895258,-0.000183727,0.0156451,0.000458407,0.000521067,-0.0190839
4.42459e-05,-3.23737e-05,-0.75853,0.034437,0.03626,2.87772,0.00835526,-0.0602788,2.60424,-0.0428315,-0.146185,-1.68125,0.0565591,-0.157208,0.878914,0.00217504,0.000459529,0.017904,-0.00134458,0.000203139,-0.039427,0.00244669,0.000897318,0.0259949,0.000880054,-0.000232451,0.0157611,0.000454017,0.000576542,-0.0189229
4.82535e-05,-3.48178e-05,-0.758492,0.0344396,0.0362589,2.87764,0.00835012,-0.0602778,2.60429,-0.0428322,-0.146187,-1.68122,0.0565587,-0.157207,0.878877,0.00229509,0.000491195,0.0190315,-0.00141567,0.000205326,-0.0402359,0.00245566,0.00090175,0.0255207,0.000860746,-0.000285597,0.0158714,0.000450136,0.000637648,-0.0186695
5.24814e-05,-3.73844e-05,-0.758452,0.0344424,0.0362577,2.87756,0.00834498,-0.0602769,2.60434,-0.0428331,-0.146188,-1.68119,0.0565582,-0.157205,0.878841,0.00241717,0.000522412,0.0201578,-0.00148841,0.000208884,-0.0409447,0.00245303,0.000904351,0.0248743,0.000837444,-0.000343105,0.0159771,0.000446802,0.000704338,-0.0183257
5.69319e-05,-4.00769e-05,-0.758409,0.0344453,0.0362565,2.87748,0.00833986,-0.0602759,2.60438,-0.0428341,-0.14619,-1.68116,0.0565576,-0.157204,0.878805,0.00254128,0.000553193,0.0212829,-0.00156277,0.000213793,-0.0415564,0.00243912,0.000905199,0.0240604,0.000810285,-0.000404868,0.016079,0.000444033,0.000776496,-0.0178943
6.16074e-05,-4.28985e-05,-0.758364,0.0344484,0.0362552,2.87739,0.00833479,-0.060275,2.60443,-0.0428352,-0.146191,-1.68112,0.0565568,-0.157202,0.87877,0.00266738,0.000583553,0.0224068,-0.00163873,0.000220015,-0.0420752,0.00241437,0.00090438,0.0230855,0.000779429,-0.000470736,0.0161778,0.000441828,0.000853944,-0.0173788
6.65101e-05,-4.58525e-05,-0.758317,0.0344515,0.0362539,2.87731,0.00832978,-0.0602741,2.60447,-0.0428364,-0.146193,-1.68109,0.0565559,-0.1572,0.878736,0.00279536,0.000613518,0.0235296,-0.00171623,0.000227486,-0.0425057,0.0023793,0.000901983,0.0219573,0.000745063,-0.000540513,0.0162739,0.000440166,0.000936434,-0.0167831
7.1642e-05,-4.89416e-05,-0.758268,0.0344549,0.0362525,2.87722,0.00832485,-0.0602733,2.60452,-0.0428378,-0.146194,-1.68106,0.0565549,-0.157198,0.878704,0.00292513,0.000643117,0.0246513,-0.00179517,0.000236121,-0.0428534,0.00233456,0.000898101,0.0206852,0.000707398,-0.000613963,0.0163672,0.000439006,0.00102365,-0.016112
7.70052e-05,-5.21687e-05,-0.758216,0.0344584,0.036251,2.87714,0.00832001,-0.0602725,2.60455,-0.0428393,-0.146195,-1.68102,0.0565538,-0.157196,0.878673,0.00305652,0.00067239,0.025772,-0.00187543,0.000245814,-0.0431245,0.00228087,0.000892832,0.0192802,0.000666669,-0.0006908,0.0164576,0.000438287,0.00111523,-0.0153709
8.26002e-05,-5.55356e-05,-0.758163,0.034462,0.0362495,2.87705,0.00831529,-0.0602717,2.60459,-0.042841,-0.146196,-1.68099,0.0565525,-0.157194,0.878644,0.00318878,0.000701188,0.0268856,-0.00195654,0.000256474,-0.0433198,0.00221879,0.000886248,0.017754,0.000623192,-0.0007705,0.0165446,0.000438,0.00121052,-0.0145658
8.84238e-05,-5.9042e-05,-0.758107,0.0344658,0.0362479,2.87696,0.0083107,-0.0602711,2.60462,-0.0428428,-0.146197,-1.68096,0.056551,-0.157191,0.878617,0.0033198,0.000728951,0.0279718,-0.00203729,0.000268079,-0.0434281,0.00214844,0.000878355,0.0161185,0.000577431,-0.000852057,0.0166278,0.000438268,0.0013084,-0.0137034
9.44716e-05,-6.26868e-05,-0.758049,0.0344698,0.0362463,2.87688,0.00830625,-0.0602704,2.60465,-0.0428448,-0.146198,-1.68093,0.0565494,-0.157189,0.878591,0.0034488,0.000755564,0.0290252,-0.00211716,0.000280492,-0.0434521,0.00207059,0.000869234,0.0143888,0.000529746,-0.000934873,0.0167061,0.000439038,0.00140812,-0.012791
0.000100738,-6.64678e-05,-0.757989,0.0344738,0.0362445,2.87679,0.00830196,-0.0602699,2.60468,-0.0428469,-0.146199,-1.68089,0.0565476,-0.157186,0.878568,0.00357493,0.000780909,0.0300397,-0.00219562,0.000293555,-0.0433954,0.00198614,0.000858973,0.0125812,0.000480527,-0.0010183,0.0167784,0.000440235,0.00150887,-0.0118366
0.000107215,-7.03819e-05,-0.757927,0.0344781,0.0362428,2.8767,0.00829784,-0.0602694,2.6047,-0.0428492,-0.146199,-1.68086,0.0565457,-0.157183,0.878546,0.0036973,0.000804872,0.0310095,-0.00227209,0.000307089,-0.0432618,0.00189607,0.000847661,0.0107136,0.000430188,-0.00110164,0.016843,0.000441772,0.00160974,-0.0108489
0.000113894,-7.44247e-05,-0.757863,0.0344824,0.0362409,2.87662,0.00829389,-0.060269,2.60472,-0.0428516,-0.1462,-1.68082,0.0565437,-0.157181,0.878526,0.00381496,0.00082734,0.0319282,-0.00234595,0.000320893,-0.0430559,0.00180146,0.000835392,0.00880548,0.000379173,-0.00118414,0.0168982,0.000443538,0.00170976,-0.00983737
0.000120764,-7.85906e-05,-0.757797,0.0344869,0.036239,2.87653,0.00829012,-0.0602687,2.60473,-0.0428542,-0.1462,-1.68079,0.0565414,-0.157178,0.878509,0.00392691,0.000848197,0.0327896,-0.00241656,0.000334747,-0.0427825,0.00170348,0.000822264,0.00687765,0.000327951,-0.001265,0.0169419,0.000445411,0.00180789,-0.00881194
0.000127814,-8.28729e-05,-0.75773,0.0344915,0.036237,2.87645,0.00828653,-0.0602684,2.60474,-0.042857,-0.146201,-1.68076,0.0565391,-0.157174,0.878493,0.00403213,0.000867334,0.0335871,-0.00248323,0.000348418,-0.042447,0.00160334,0.000808375,0.00495199,0.000277006,-0.0013434,0.0169719,0.000447255,0.00190305,-0.00778308
0.00013503,-8.72636e-05,-0.757661,0.0344963,0.036235,2.87636,0.00828314,-0.0602682,2.60474,-0.0428598,-0.146201,-1.68072,0.0565366,-0.157171,0.87848,0.00412967,0.000884645,0.0343148,-0.00254535,0.000361694,-0.0420545,0.0015022,0.000793824,0.00304875,0.000226795,-0.00141856,0.0169861,0.000448949,0.00199424,-0.00676061
0.000142397,-9.17539e-05,-0.757591,0.0345011,0.0362329,2.87628,0.00827994,-0.0602681,2.60475,-0.0428628,-0.146201,-1.68069,0.056534,-0.157168,0.878468,0.00421869,0.000900032,0.0349676,-0.00260237,0.000374395,-0.0416097,0.00140108,0.000778706,0.00118607,0.000177732,-0.00148981,0.0169832,0.000450396,0.00208059,-0.00575348
0.000149898,-9.63338e-05,-0.75752,0.034506,0.0362308,2.8762,0.00827692,-0.0602681,2.60475,-0.042866,-0.146201,-1.68065,0.0565312,-0.157164,0.878458,0.00429848,0.000913404,0.0355408,-0.00265381,0.00038637,-0.0411166,0.00130087,0.000763115,-0.000620072,0.00013019,-0.00155654,0.016962,0.000451524,0.00216133,-0.00476977
0.000157517,-0.000100993,-0.757448,0.034511,0.0362286,2.87612,0.00827409,-0.0602682,2.60474,-0.0428692,-0.1462,-1.68062,0.0565283,-0.157161,0.878451,0.00436843,0.000924678,0.0360305,-0.00269926,0.000397501,-0.0405789,0.00120235,0.000747143,-0.00235585,8.45033e-05,-0.00161826,0.0169218,0.000452281,0.0022358,-0.00381669
0.000165235,-0.00010572,-0.757375,0.0345161,0.0362264,2.87604,0.00827144,-0.0602683,2.60473,-0.0428725,-0.1462,-1.68059,0.0565254,-0.157157,0.878445,0.00442803,0.000933779,0.0364334,-0.0027384,0.000407698,-0.04,0.0011062,0.000730877,-0.00400958,4.09625e-05,-0.00167452,0.0168624,0.000452638,0.00230349,-0.00290057
0.000173034,-0.000110504,-0.757302,0.0345212,0.0362241,2.87596,0.00826897,-0.0602685,2.60472,-0.042876,-0.1462,-1.68055,0.0565223,-0.157154,0.878441,0.00447689,0.000940638,0.036747,-0.00277095,0.000416901,-0.0393826,0.00101293,0.000714406,-0.00557172,-1.80866e-07,-0.00172499,0.016784,0.000452588,0.00236398,-0.00202689
0.000180895,-0.000115333,-0.757228,0.0345264,0.0362218,2.87588,0.00826667,-0.0602687,2.60471,-0.0428795,-0.146199,-1.68052,0.0565192,-0.15715,0.878439,0.00451474,0.000945194,0.0369693,-0.00279674,0.000425082,-0.0387291,0.000922982,0.000697813,-0.00703487,-3.87165e-05,-0.00176942,0.0166871,0.000452149,0.00241696,-0.00120024
0.000188798,-0.000120194,-0.757154,0.0345316,0.0362195,2.8758,0.00826453,-0.0602691,2.60469,-0.042883,-0.146199,-1.68049,0.056516,-0.157146,0.878438,0.00454141,0.000947393,0.0370991,-0.00281563,0.000432243,-0.0380413,0.000836643,0.00068118,-0.00839381,-7.4475e-05,-0.00180763,0.0165728,0.000451359,0.00246227,-0.000424349
0.000196723,-0.000125076,-0.75708,0.0345368,0.0362172,2.87573,0.00826256,-0.0602694,2.60467,-0.0428867,-0.146198,-1.68045,0.0565127,-0.157142,0.878438,0.00455684,0.000947189,0.0371358,-0.00282758,0.000438414,-0.0373208,0.000754094,0.000664588,-0.00964543,-0.000107328,-0.00183953,0.0164426,0.00045028,0.00249983,0.000297939
0.000204651,-0.000129968,-0.757005,0.034542,0.0362148,2.87566,0.00826073,-0.0602699,2.60465,-0.0428904,-0.146198,-1.68042,0.0565094,-0.157138,0.87844,0.00456107,0.000944543,0.0370795,-0.00283262,0.000443657,-0.0365686,0.000675392,0.000648114,-0.0107888,-0.000137187,-0.00186513,0.0162982,0.000448996,0.00252971,0.000964637
0.000212563,-0.000134857,-0.756931,0.0345473,0.0362125,2.87558,0.00825906,-0.0602703,2.60463,-0.0428941,-0.146197,-1.68039,0.056506,-0.157134,0.878443,0.00455428,0.000939422,0.0369309,-0.00283083,0.000448063,-0.0357851,0.000600474,0.000631835,-0.0118251,-0.000164007,-0.0018845,0.016142,0.000447614,0.00255206,0.00157463
0.000220439,-0.000139732,-0.756858,0.0345525,0.0362101,2.87551,0.00825752,-0.0602708,2.6046,-0.0428978,-0.146196,-1.68036,0.0565026,-0.15713,0.878448,0.00453674,0.000931802,0.0366914,-0.00282239,0.000451753,-0.0349705,0.000529155,0.000615822,-0.0127576,-0.00018778,-0.00189781,0.0159767,0.000446263,0.00256718,0.00212769
0.000228261,-0.000144583,-0.756785,0.0345577,0.0362078,2.87545,0.00825611,-0.0602714,2.60457,-0.0429015,-0.146195,-1.68033,0.0564992,-0.157126,0.878453,0.00450883,0.000921666,0.0363632,-0.00280754,0.00045488,-0.0341244,0.000461132,0.000600149,-0.0135919,-0.000208543,-0.00190533,0.0158055,0.000445095,0.00257546,0.00262444
0.000236011,-0.000149401,-0.756713,0.0345628,0.0362054,2.87538,0.00825483,-0.060272,2.60455,-0.0429053,-0.146194,-1.68029,0.0564958,-0.157122,0.878459,0.00447105,0.000909001,0.0359488,-0.00278659,0.000457625,-0.0332461,0.000395979,0.000584884,-0.0143357,-0.000226372,-0.00190738,0.0156318,0.000444285,0.00257744,0.00306638
0.000243671,-0.000154175,-0.756643,0.0345679,0.0362031,2.87532,0.00825368,-0.0602726,2.60452,-0.042909,-0.146193,-1.68026,0.0564924,-0.157118,0.878466,0.00442401,0.000893804,0.0354519,-0.00275991,0.000460199,-0.0323342,0.000333152,0.000570094,-0.0149986,-0.000241384,-0.00190438,0.0154596,0.000444031,0.00257373,0.0034559
0.000251228,-0.000158898,-0.756573,0.0345729,0.0362007,2.87525,0.00825264,-0.0602733,2.60448,-0.0429127,-0.146192,-1.68023,0.056489,-0.157114,0.878474,0.00436841,0.000876079,0.0348763,-0.00272797,0.000462844,-0.0313871,0.000271984,0.000555843,-0.0155927,-0.000253737,-0.00189685,0.0152934,0.000444552,0.00256511,0.00379622
0.000258664,-0.000163563,-0.756504,0.0345778,0.0361984,2.87519,0.00825172,-0.060274,2.60445,-0.0429164,-0.146192,-1.6802,0.0564857,-0.15711,0.878482,0.00430509,0.000855835,0.0342269,-0.00269128,0.000465831,-0.0304026,0.000211688,0.000542196,-0.0161319,-0.000263632,-0.00188538,0.0151379,0.000446091,0.00255243,0.00409148
0.000265968,-0.000168164,-0.756437,0.0345827,0.0361961,2.87513,0.00825092,-0.0602748,2.60442,-0.0429201,-0.146191,-1.68017,0.0564824,-0.157106,0.87849,0.00423499,0.000833089,0.0335091,-0.00265045,0.000469462,-0.0293781,0.000151358,0.000529212,-0.0166326,-0.000271309,-0.00187064,0.0149984,0.000448916,0.00253669,0.00434665
0.000273127,-0.000172698,-0.756372,0.0345875,0.0361938,2.87508,0.00825024,-0.0602756,2.60438,-0.0429237,-0.14619,-1.68014,0.0564791,-0.157103,0.8785,0.00415915,0.000807864,0.0327289,-0.00260614,0.000474069,-0.0283106,8.99665e-05,0.00051695,-0.0171132,-0.000277051,-0.0018534,0.0148806,0.000453314,0.00251898,0.0045676
0.000280131,-0.000177161,-0.756308,0.0345922,0.0361916,2.87502,0.00824967,-0.0602764,2.60435,-0.0429273,-0.146189,-1.68011,0.0564758,-0.157099,0.878509,0.00407871,0.000780193,0.031893,-0.00255907,0.00048,-0.0271967,2.64077e-05,0.000505464,-0.0175933,-0.000281171,-0.00183448,0.0147904,0.000459585,0.00250048,0.00476086
0.000286972,-0.000181552,-0.756246,0.0345968,0.0361893,2.87497,0.00824924,-0.0602773,2.60431,-0.0429308,-0.146188,-1.68008,0.0564726,-0.157095,0.878519,0.00399477,0.000750135,0.0310081,-0.00250996,0.000487569,-0.026034,-4.0328e-05,0.0004948,-0.0180917,-0.00028398,-0.00181466,0.0147329,0.000467994,0.00248233,0.00493287
0.000293644,-0.000185871,-0.756186,0.0346012,0.036187,2.87492,0.00824893,-0.0602783,2.60428,-0.0429343,-0.146187,-1.68005,0.0564694,-0.157091,0.878529,0.00390841,0.000717774,0.030081,-0.00245949,0.000497042,-0.0248209,-0.000111112,0.00048499,-0.0186249,-0.000285774,-0.00179467,0.0147127,0.000478757,0.00246553,0.00508977
0.00030014,-0.00019012,-0.756128,0.0346056,0.0361848,2.87487,0.00824876,-0.0602793,2.60424,-0.0429378,-0.146186,-1.68002,0.0564662,-0.157087,0.87854,0.00382063,0.000683223,0.0291185,-0.0024083,0.000508636,-0.0235569,-0.000186678,0.000476057,-0.0192074,-0.000286835,-0.0017752,0.0147333,0.000492042,0.002451,0.00523742
0.000306458,-0.0001943,-0.756071,0.0346099,0.0361825,2.87483,0.00824874,-0.0602804,2.6042,-0.0429412,-0.146185,-1.68,0.0564631,-0.157083,0.87855,0.0037324,0.000646623,0.0281273,-0.00235701,0.00052252,-0.0222425,-0.000267621,0.000468009,-0.0198519,-0.000287432,-0.00175683,0.0147976,0.000507969,0.00243955,0.00538136
0.000312596,-0.000198416,-0.756017,0.0346141,0.0361803,2.87479,0.00824888,-0.0602815,2.60416,-0.0429446,-0.146184,-1.67997,0.0564601,-0.157079,0.878561,0.00364463,0.000608143,0.0271144,-0.00230621,0.000538817,-0.0208792,-0.000354397,0.000460846,-0.0205691,-0.00028782,-0.00174014,0.0149075,0.000526611,0.00243189,0.00552685
0.000318553,-0.000202471,-0.755965,0.0346181,0.036178,2.87475,0.00824918,-0.0602827,2.60411,-0.042948,-0.146183,-1.67994,0.056457,-0.157075,0.878573,0.00355819,0.000567979,0.0260865,-0.00225646,0.000557598,-0.0194694,-0.000447325,0.000454554,-0.0213677,-0.000288241,-0.00172562,0.0150641,0.000547992,0.00242863,0.00567886
0.000324331,-0.000206471,-0.755915,0.0346221,0.0361757,2.87471,0.00824966,-0.0602841,2.60407,-0.0429514,-0.146182,-1.6799,0.056454,-0.157071,0.878584,0.00347391,0.000526354,0.0250505,-0.00220828,0.00057889,-0.0180166,-0.000546585,0.000449108,-0.0222543,-0.000288922,-0.00171369,0.0152679,0.000572089,0.00243028,0.00584207
0.000329932,-0.000210422,-0.755867,0.0346259,0.0361734,2.87468,0.00825033,-0.0602855,2.60402,-0.0429547,-0.146181,-1.67987,0.056451,-0.157067,0.878597,0.00339255,0.00048352,0.0240132,-0.00216216,0.00060267,-0.0165252,-0.000652219,0.000444471,-0.0232337,-0.000290077,-0.00170475,0.0155182,0.00059883,0.00243725,0.00602084
0.00033536,-0.000214329,-0.755821,0.0346297,0.0361711,2.87465,0.00825119,-0.060287,2.60397,-0.042958,-0.14618,-1.67984,0.056448,-0.157063,0.878609,0.00331483,0.000439757,0.0229816,-0.00211858,0.000628868,-0.0150008,-0.000764131,0.000440596,-0.0243088,-0.000291907,-0.0016991,0.0158139,0.000628098,0.00244983,0.00621928
0.00034062,-0.0002182,-0.755777,0.0346333,0.0361687,2.87462,0.00825226,-0.0602887,2.60392,-0.0429613,-0.146179,-1.67981,0.0564451,-0.157059,0.878622,0.00324144,0.000395372,0.0219626,-0.00207797,0.000657365,-0.0134497,-0.000882084,0.000437421,-0.0254801,-0.000294597,-0.00169702,0.0161527,0.000659724,0.00246824,0.00644115
0.000345719,-0.000222041,-0.755735,0.0346369,0.0361663,2.8746,0.00825354,-0.0602905,2.60387,-0.0429646,-0.146178,-1.67978,0.0564421,-0.157055,0.878635,0.00317298,0.0003507,0.0209631,-0.00204072,0.000687996,-0.0118795,-0.00100571,0.000434876,-0.0267467,-0.00029832,-0.0016987,0.0165316,0.000693493,0.00249257,0.00668997
0.000350666,-0.000225861,-0.755695,0.0346404,0.0361639,2.87458,0.00825505,-0.0602924,2.60381,-0.0429679,-0.146177,-1.67974,0.0564392,-0.15705,0.878649,0.00311005,0.000306105,0.01999,-0.00200722,0.000720545,-0.0102985,-0.00113449,0.000432877,-0.0281053,-0.000303235,-0.00170428,0.016947,0.000729143,0.00252283,0.00696894
0.00035547,-0.000229668,-0.755657,0.0346438,0.0361614,2.87456,0.00825678,-0.0602944,2.60375,-0.0429713,-0.146176,-1.67971,0.0564362,-0.157046,0.878664,0.00305317,0.000261977,0.0190503,-0.00197781,0.000754751,-0.00871621,-0.00126777,0.000431331,-0.0295509,-0.000309487,-0.00171385,0.0173942,0.000766363,0.0025589,0.00728095
0.000360141,-0.000233468,-0.755621,0.0346472,0.0361588,2.87455,0.00825875,-0.0602966,2.60369,-0.0429746,-0.146175,-1.67967,0.0564332,-0.157041,0.878679,0.00300281,0.000218736,0.0181509,-0.00195279,0.000790303,-0.00714307,-0.00140478,0.00043013,-0.0310762,-0.000317207,-0.00172744,0.0178677,0.000804794,0.0026006,0.00762863
0.000364691,-0.000237269,-0.755586,0.0346505,0.0361562,2.87453,0.00826097,-0.0602989,2.60363,-0.042978,-0.146174,-1.67964,0.0564302,-0.157037,0.878695,0.00295941,0.00017683,0.0172989,-0.00193246,0.000826844,-0.00559053,-0.00154458,0.000429157,-0.0326723,-0.000326511,-0.00174502,0.0183614,0.000844028,0.0026476,0.0080143
0.000369135,-0.000241079,-0.755553,0.0346537,0.0361535,2.87453,0.00826342,-0.0603014,2.60356,-0.0429815,-0.146173,-1.6796,0.0564272,-0.157032,0.878712,0.00292335,0.000136733,0.0165013,-0.00191705,0.000863967,-0.004071,-0.00168611,0.000428282,-0.0343282,-0.000337503,-0.0017665,0.0188681,0.000883611,0.0026995,0.00843998
0.000373485,-0.000244905,-0.755522,0.0346569,0.0361508,2.87452,0.00826612,-0.060304,2.60349,-0.042985,-0.146172,-1.67956,0.0564242,-0.157027,0.87873,0.00289497,9.89492e-05,0.015765,-0.0019068,0.000901217,-0.00259792,-0.00182816,0.000427367,-0.0360307,-0.00035027,-0.00179172,0.0193799,0.000923039,0.00275579,0.0089074
0.000377758,-0.000248753,-0.755491,0.0346601,0.036148,2.87452,0.00826907,-0.0603067,2.60341,-0.0429885,-0.146171,-1.67952,0.056421,-0.157022,0.878749,0.00287454,6.40114e-05,0.0150971,-0.00190188,0.000938092,-0.00118571,-0.00196939,0.000426258,-0.0377649,-0.000364888,-0.00182048,0.0198882,0.000961761,0.00281587,0.009418
0.000381969,-0.000252631,-0.755462,0.0346632,0.0361451,2.87452,0.00827225,-0.0603096,2.60333,-0.0429921,-0.14617,-1.67948,0.0564179,-0.157017,0.878768,0.00286231,3.24797e-05,0.0145048,-0.00190247,0.00097404,0.000150196,-0.00210833,0.000424794,-0.0395139,-0.000381416,-0.00185253,0.0203833,0.000999175,0.00287901,0.00997292
0.000386138,-0.000256543,-0.755434,0.0346664,0.0361421,2.87452,0.00827567,-0.0603127,2.60325,-0.0429958,-0.146169,-1.67944,0.0564147,-0.157011,0.87879,0.00285846,4.92674e-06,0.0139948,-0.00190868,0.00100848,0.00139384,-0.0022434,0.000422806,-0.0412593,-0.000399898,-0.00188753,0.0208554,0.00103465,0.00294443,0.010573
0.000390282,-0.000260496,-0.755407,0.0346695,0.0361391,2.87453,0.00827932,-0.0603158,2.60316,-0.0429995,-0.146167,-1.67939,0.0564114,-0.157006,0.878812,0.0028631,-1.81301e-05,0.0135733,-0.0019206,0.00104087,0.00253057,-0.00237312,0.000420139,-0.0429835,-0.000420358,-0.00192519,0.0212949,0.00106761,0.00301136,0.0112185
0.00039442,-0.000264492,-0.755381,0.0346727,0.036136,2.87453,0.00828318,-0.0603191,2.60307,-0.0430033,-0.146166,-1.67935,0.0564081,-0.157,0.878836,0.00287631,-3.62446e-05,0.0132452,-0.00193827,0.00107072,0.00354748,-0.00249615,0.000416663,-0.0446703,-0.000442801,-0.00196517,0.0216935,0.00109752,0.00307907,0.0119095
0.000398573,-0.000268537,-0.755355,0.0346759,0.0361329,2.87454,0.00828724,-0.0603225,2.60298,-0.0430072,-0.146165,-1.67931,0.0564046,-0.156994,0.878861,0.00289806,-4.90425e-05,0.0130146,-0.00196168,0.0010976,0.00443342,-0.0026113,0.000412264,-0.0463049,-0.000467209,-0.00200719,0.0220439,0.00112394,0.0031469,0.0126451
0.000402759,-0.000272634,-0.755329,0.0346792,0.0361297,2.87455,0.00829148,-0.060326,2.60289,-0.0430112,-0.146163,-1.67926,0.0564012,-0.156989,0.878888,0.0029283,-5.62207e-05,0.0128846,-0.00199077,0.00112114,0.00517902,-0.00271751,0.000406852,-0.0478737,-0.000493544,-0.00205092,0.0223398,0.00114646,0.00321423,0.0134243
0.000407001,-0.000276785,-0.755303,0.0346825,0.0361264,2.87456,0.0082959,-0.0603295,2.60279,-0.0430152,-0.146162,-1.67922,0.0563976,-0.156983,0.878917,0.00296687,-5.75479e-05,0.0128569,-0.00202545,0.00114103,0.00577666,-0.00281387,0.000400357,-0.0493647,-0.000521748,-0.00209607,0.0225757,0.00116476,0.00328047,0.0142455
0.000411316,-0.000280994,-0.755277,0.0346858,0.0361231,2.87458,0.00830048,-0.0603332,2.60269,-0.0430194,-0.14616,-1.67917,0.0563939,-0.156976,0.878947,0.00301358,-5.28642e-05,0.0129327,-0.00206557,0.001157,0.00622046,-0.0028996,0.000392727,-0.0507671,-0.000551739,-0.00214234,0.0227474,0.00117857,0.00334508,0.0151066
0.000415727,-0.000285261,-0.755251,0.0346893,0.0361197,2.87459,0.00830519,-0.0603369,2.60258,-0.0430236,-0.146159,-1.67913,0.0563902,-0.15697,0.878979,0.00306816,-4.20814e-05,0.0131119,-0.00211094,0.00116885,0.00650634,-0.00297407,0.000383935,-0.0520715,-0.000583419,-0.00218945,0.0228515,0.0011877,0.00340761,0.016005
0.00042025,-0.000289589,-0.755224,0.0346929,0.0361163,2.8746,0.00831002,-0.0603407,2.60247,-0.0430279,-0.146157,-1.67908,0.0563864,-0.156964,0.879013,0.00313029,-2.5183e-05,0.0133933,-0.00216132,0.00117644,0.00663193,-0.00303678,0.000373969,-0.0532699,-0.000616666,-0.00223711,0.0228857,0.001192,0.00346759,0.0169375
0.000424907,-0.000293979,-0.755197,0.0346965,0.0361129,2.87462,0.00831494,-0.0603445,2.60237,-0.0430323,-0.146155,-1.67903,0.0563825,-0.156958,0.879048,0.00319955,-2.22418e-06,0.0137748,-0.00221643,0.00117967,0.00659666,-0.00308737,0.000362842,-0.0543556,-0.000651338,-0.00228503,0.0228486,0.00119141,0.00352466,0.0179006
0.000429714,-0.00029843,-0.755168,0.0347003,0.0361094,2.87463,0.00831995,-0.0603483,2.60226,-0.0430368,-0.146153,-1.67899,0.0563785,-0.156951,0.879086,0.0032755,2.66681e-05,0.0142534,-0.00227594,0.00117852,0.00640171,-0.00312565,0.000350585,-0.0553232,-0.000687273,-0.00233295,0.02274,0.0011859,0.00357846,0.0188901
0.000434687,-0.000302943,-0.755139,0.0347042,0.0361059,2.87464,0.00832501,-0.0603521,2.60214,-0.0430414,-0.146151,-1.67894,0.0563744,-0.156945,0.879126,0.0033576,6.12949e-05,0.0148248,-0.00233947,0.00117301,0.00605,-0.00315153,0.00033725,-0.0561689,-0.000724288,-0.00238057,0.0225604,0.00117554,0.00362872,0.0199016
0.000439844,-0.000307518,-0.755108,0.0347082,0.0361024,2.87465,0.00833011,-0.0603559,2.60203,-0.0430461,-0.146149,-1.6789,0.0563702,-0.156938,0.879168,0.00344527,0.000101386,0.015484,-0.00240662,0.00116321,0.00554623,-0.00316508,0.000322908,-0.05689,-0.00076218,-0.00242765,0.0223116,0.00116045,0.00367517,0.0209299
0.000445198,-0.000312154,-0.755075,0.0347124,0.0360988,2.87466,0.00833522,-0.0603597,2.60191,-0.0430508,-0.146147,-1.67885,0.0563659,-0.156932,0.879212,0.00353784,0.000146597,0.0162247,-0.00247691,0.00114927,0.00489685,-0.00316652,0.000307652,-0.0574852,-0.000800726,-0.00247391,0.0219962,0.00114081,0.00371764,0.0219695
0.000450761,-0.000316849,-0.755041,0.0347167,0.0360953,2.87467,0.00834034,-0.0603634,2.6018,-0.0430556,-0.146145,-1.67881,0.0563616,-0.156925,0.879258,0.00363461,0.000196515,0.0170396,-0.00254982,0.00113139,0.00411007,-0.00315619,0.000291591,-0.0579549,-0.000839681,-0.00251909,0.0216179,0.00111687,0.00375596,0.0230142
0.000456544,-0.000321603,-0.755005,0.0347212,0.0360918,2.87468,0.00834543,-0.0603671,2.60168,-0.0430605,-0.146143,-1.67877,0.0563571,-0.156919,0.879306,0.00373478,0.000250652,0.0179207,-0.00262481,0.00110982,0.00319588,-0.00313459,0.000274859,-0.0583003,-0.000878782,-0.00256295,0.0211814,0.00108893,0.00379005,0.0240577
0.000462557,-0.000326413,-0.754968,0.0347258,0.0360883,2.87468,0.00835049,-0.0603707,2.60156,-0.0430655,-0.14614,-1.67873,0.0563526,-0.156912,0.879356,0.00383751,0.000308449,0.0188585,-0.00270127,0.00108486,0.00216598,-0.00310234,0.000257606,-0.0585244,-0.000917745,-0.00260522,0.0206923,0.00105738,0.00381984,0.0250927
0.000468805,-0.000331278,-0.754928,0.0347306,0.0360848,2.87468,0.00835549,-0.0603743,2.60145,-0.0430706,-0.146138,-1.67869,0.056348,-0.156906,0.879408,0.00394189,0.000369275,0.0198429,-0.00277854,0.0010569,0.00103389,-0.00306022,0.000240003,-0.0586314,-0.000956265,-0.00264566,0.0201575,0.00102265,0.00384533,0.0261118
0.000475292,-0.000336194,-0.754886,0.0347356,0.0360813,2.87468,0.00836042,-0.0603778,2.60133,-0.0430757,-0.146135,-1.67865,0.0563433,-0.156899,0.879463,0.00404692,0.000432426,0.0208626,-0.00285594,0.00102634,-0.000185164,-0.00300915,0.000222241,-0.0586268,-0.000994019,-0.00268403,0.0195844,0.000985256,0.00386656,0.0271069
0.000482021,-0.000341159,-0.754842,0.0347407,0.0360778,2.87468,0.00836527,-0.0603812,2.60121,-0.0430809,-0.146133,-1.67861,0.0563385,-0.156893,0.879519,0.00415158,0.000497126,0.0219052,-0.00293272,0.000993686,-0.00147416,-0.00295017,0.00020453,-0.0585177,-0.00103066,-0.00272008,0.0189819,0.000945759,0.00388362,0.0280696
0.000488991,-0.000346169,-0.754796,0.034746,0.0360744,2.87467,0.00837003,-0.0603845,2.6011,-0.0430861,-0.14613,-1.67857,0.0563336,-0.156887,0.879577,0.00425478,0.000562553,0.0229578,-0.00300811,0.000959447,-0.00281488,-0.00288444,0.000187091,-0.0583118,-0.00106584,-0.00275359,0.0183592,0.000904773,0.00389665,0.028991
0.000496197,-0.000351222,-0.754748,0.0347515,0.036071,2.87467,0.00837468,-0.0603876,2.60098,-0.0430914,-0.146127,-1.67854,0.0563287,-0.15688,0.879636,0.00435551,0.000627937,0.024008,-0.0030814,0.000924116,-0.00419006,-0.00281307,0.000170125,-0.0580171,-0.00109923,-0.00278435,0.0177251,0.000862871,0.00390576,0.0298633
0.000503633,-0.000356314,-0.754698,0.0347571,0.0360676,2.87466,0.00837921,-0.0603907,2.60087,-0.0430968,-0.146124,-1.6785,0.0563237,-0.156874,0.879698,0.00445282,0.000692587,0.0250447,-0.00315193,0.00088813,-0.00558391,-0.00273707,0.000153804,-0.0576407,-0.00113056,-0.00281215,0.0170871,0.000820563,0.00391105,0.0306795
0.000511292,-0.000361441,-0.754646,0.0347628,0.0360643,2.87464,0.00838363,-0.0603937,2.60075,-0.0431022,-0.146121,-1.67847,0.0563187,-0.156868,0.879761,0.00454588,0.000755891,0.0260577,-0.00321911,0.000851871,-0.00698216,-0.00265735,0.000138269,-0.0571891,-0.00115958,-0.00283683,0.016452,0.000778297,0.00391263,0.0314341
0.000519164,-0.000366599,-0.754592,0.0347687,0.0360609,2.87462,0.00838791,-0.0603966,2.60064,-0.0431076,-0.146118,-1.67844,0.0563136,-0.156862,0.879825,0.00463394,0.000817314,0.0270379,-0.00328245,0.000815673,-0.00837202,-0.00257474,0.000123633,-0.0566684,-0.0011861,-0.00285824,0.0158253,0.000736457,0.00391056,0.0321224
0.000527237,-0.000371782,-0.754536,0.0347748,0.0360577,2.8746,0.00839207,-0.0603993,2.60053,-0.0431131,-0.146115,-1.67841,0.0563085,-0.156856,0.87989,0.00471632,0.000876402,0.0279773,-0.00334148,0.000779812,-0.00974223,-0.00248996,0.000109981,-0.0560842,-0.00120997,-0.00287625,0.0152115,0.000695368,0.00390491,0.0327408
0.000535499,-0.000376988,-0.754478,0.0347809,0.0360545,2.87458,0.00839609,-0.060402,2.60041,-0.0431185,-0.146112,-1.67838,0.0563033,-0.15685,0.879957,0.00479246,0.000932778,0.0288689,-0.00339583,0.000744517,-0.011083,-0.00240367,9.73686e-05,-0.0554413,-0.00123106,-0.00289075,0.0146144,0.00065529,0.00389571,0.033287
0.000543935,-0.00038221,-0.754419,0.0347872,0.0360513,2.87456,0.00839997,-0.0604045,2.6003,-0.043124,-0.146109,-1.67835,0.0562981,-0.156844,0.880024,0.00486186,0.000986145,0.0297068,-0.00344519,0.00070996,-0.012386,-0.0023164,8.58211e-05,-0.0547441,-0.00124931,-0.00290166,0.0140363,0.000616424,0.00388301,0.0337596
0.000552531,-0.000387444,-0.754358,0.0347936,0.0360481,2.87453,0.00840371,-0.0604069,2.6002,-0.0431296,-0.146106,-1.67832,0.0562929,-0.156838,0.880093,0.00492412,0.00103628,0.0304862,-0.00348931,0.000676263,-0.0136444,-0.00222861,7.53364e-05,-0.0539965,-0.00126469,-0.0029089,0.0134789,0.000578905,0.0038668,0.0341585
0.000561271,-0.000392685,-0.754296,0.0348,0.036045,2.8745,0.00840731,-0.0604092,2.60009,-0.0431351,-0.146103,-1.6783,0.0562876,-0.156832,0.880162,0.00497894,0.00108305,0.0312032,-0.00352802,0.000643494,-0.0148531,-0.00214066,6.58832e-05,-0.0532016,-0.00127721,-0.00291243,0.0129426,0.000542809,0.00384709,0.0344844
0.000570139,-0.000397926,-0.754232,0.0348066,0.036042,2.87447,0.00841077,-0.0604115,2.59999,-0.0431406,-0.1461,-1.67827,0.0562824,-0.156827,0.880231,0.00502608,0.00112638,0.0318552,-0.00356122,0.00061167,-0.0160081,-0.00205282,5.74015e-05,-0.0523622,-0.00128693,-0.00291224,0.0124269,0.00050815,0.00382386,0.0347395
0.00057912,-0.000403162,-0.754167,0.0348132,0.0360389,2.87443,0.00841409,-0.0604136,2.59988,-0.0431461,-0.146096,-1.67825,0.0562771,-0.156821,0.880301,0.00506542,0.00116631,0.0324404,-0.00358887,0.000580752,-0.0171071,-0.00196527,4.98025e-05,-0.0514805,-0.00129393,-0.00290832,0.0119303,0.000474876,0.00379707,0.0349267
0.000588197,-0.000408388,-0.754101,0.0348199,0.036036,2.8744,0.00841726,-0.0604156,2.59978,-0.0431516,-0.146093,-1.67823,0.0562719,-0.156816,0.880371,0.0050969,0.00120291,0.0329582,-0.00361099,0.000550653,-0.0181494,-0.00187808,4.29688e-05,-0.0505579,-0.00129835,-0.00290068,0.0114503,0.000442878,0.00376669,0.0350503
0.000597355,-0.000413596,-0.754034,0.0348266,0.0360331,2.87436,0.00842029,-0.0604175,2.59968,-0.0431571,-0.14609,-1.67821,0.0562667,-0.15681,0.880441,0.00512056,0.00123636,0.0334091,-0.00362769,0.000521228,-0.0191356,-0.00179125,3.67543e-05,-0.0495955,-0.00130038,-0.00288938,0.0109832,0.000411982,0.00373263,0.0351155
0.000606579,-0.000418781,-0.753967,0.0348334,0.0360302,2.87432,0.00842318,-0.0604193,2.59959,-0.0431625,-0.146087,-1.67818,0.0562615,-0.156805,0.880512,0.00513654,0.00126692,0.0337946,-0.00363913,0.000492284,-0.020068,-0.00170467,3.09844e-05,-0.0485937,-0.00130023,-0.00287446,0.0105244,0.000381951,0.00369483,0.0351287
0.000615853,-0.000423937,-0.753899,0.0348402,0.0360274,2.87428,0.00842593,-0.060421,2.59949,-0.0431679,-0.146084,-1.67816,0.0562563,-0.1568,0.880582,0.00514506,0.00129492,0.0341173,-0.00364554,0.000463573,-0.0209501,-0.00161814,2.54558e-05,-0.0475526,-0.00129817,-0.00285602,0.0100684,0.000352488,0.00365318,0.0350975
0.000625165,-0.000429056,-0.75383,0.034847,0.0360246,2.87423,0.00842853,-0.0604226,2.5994,-0.0431732,-0.14608,-1.67815,0.0562511,-0.156795,0.880652,0.00514642,0.00132077,0.0343808,-0.00364723,0.000434793,-0.0217873,-0.00153139,1.99367e-05,-0.0464712,-0.00129449,-0.00283417,0.00960852,0.000323233,0.00360757,0.0350304
0.000634503,-0.000434131,-0.753761,0.0348538,0.0360219,2.87419,0.00843099,-0.0604241,2.59931,-0.0431786,-0.146077,-1.67813,0.056246,-0.15679,0.880722,0.00514102,0.00134494,0.0345898,-0.00364457,0.000405591,-0.0225861,-0.00144402,1.41665e-05,-0.0453486,-0.00128954,-0.00280902,0.00913707,0.000293763,0.00355789,0.034937
0.000643856,-0.000439156,-0.753691,0.0348606,0.0360192,2.87414,0.0084333,-0.0604256,2.59922,-0.0431838,-0.146074,-1.67811,0.0562409,-0.156785,0.880791,0.00512934,0.00136802,0.0347501,-0.00363799,0.000375562,-0.0233547,-0.00135556,7.85643e-06,-0.0441828,-0.00128371,-0.00278072,0.00864539,0.000263596,0.00350398,0.0348283
0.000653214,-0.000444124,-0.753621,0.0348674,0.0360167,2.87409,0.00843547,-0.0604269,2.59913,-0.043189,-0.146071,-1.67809,0.0562359,-0.15678,0.880861,0.00511195,0.00139065,0.0348683,-0.00362801,0.000344245,-0.0241028,-0.00126545,6.88822e-07,-0.0429716,-0.00127742,-0.00274945,0.00812379,0.000232184,0.0034457,0.034716
0.000662572,-0.000449028,-0.753551,0.0348742,0.0360141,2.87404,0.00843749,-0.0604281,2.59905,-0.0431941,-0.146068,-1.67808,0.0562309,-0.156775,0.88093,0.00508951,0.00141351,0.0349523,-0.00361517,0.00031115,-0.0248412,-0.00117305,-7.67101e-06,-0.0417123,-0.00127113,-0.00271539,0.00756195,0.000198941,0.00338287,0.0346128
0.000671923,-0.000453859,-0.753481,0.034881,0.0360117,2.87399,0.00843935,-0.0604291,2.59897,-0.0431992,-0.146065,-1.67806,0.056226,-0.156771,0.880999,0.00506264,0.00143726,0.0350091,-0.00360002,0.000275833,-0.0255796,-0.00107781,-1.75296e-05,-0.040403,-0.00126527,-0.00267875,0.00695054,0.000163337,0.00331541,0.0345305
0.000681264,-0.00045861,-0.753411,0.0348878,0.0360094,2.87394,0.00844106,-0.0604301,2.59889,-0.0432042,-0.146062,-1.67805,0.0562212,-0.156767,0.881068,0.00503195,0.00146247,0.0350456,-0.00358308,0.000237918,-0.0263266,-0.000979306,-2.91538e-05,-0.0390429,-0.00126024,-0.00263973,0.00628159,0.000124918,0.00324325,0.0344798
0.000690594,-0.000463275,-0.753341,0.0348946,0.0360071,2.87389,0.00844261,-0.0604309,2.59881,-0.0432091,-0.146059,-1.67804,0.0562164,-0.156763,0.881137,0.00499802,0.00148964,0.0350677,-0.00356481,0.000197098,-0.0270897,-0.000877195,-4.2771e-05,-0.0376324,-0.00125638,-0.00259857,0.00554854,8.33068e-05,0.00316642,0.0344704
0.00069991,-0.000467846,-0.753271,0.0349013,0.0360049,2.87383,0.00844399,-0.0604316,2.59874,-0.0432139,-0.146056,-1.67803,0.0562117,-0.156759,0.881206,0.00496142,0.00151918,0.035081,-0.00354566,0.000153133,-0.0278748,-0.000771264,-5.85692e-05,-0.0361725,-0.00125402,-0.00255549,0.00474618,3.82034e-05,0.003085,0.0345108
0.000709215,-0.000472317,-0.753201,0.0349081,0.0360028,2.87377,0.0084452,-0.0604322,2.59867,-0.0432186,-0.146053,-1.67802,0.0562071,-0.156755,0.881275,0.00492268,0.00155143,0.0350904,-0.00352604,0.000105854,-0.0286867,-0.000661405,-7.66968e-05,-0.0346658,-0.00125342,-0.00251074,0.0038707,-1.06141e-05,0.00299915,0.0346082
0.000718509,-0.00047668,-0.753131,0.0349148,0.0360009,2.87371,0.00844624,-0.0604326,2.59861,-0.0432232,-0.14605,-1.67802,0.0562025,-0.156751,0.881345,0.00488229,0.00158668,0.0351002,-0.00350633,5.51566e-05,-0.0295288,-0.000547621,-9.72626e-05,-0.0331154,-0.00125483,-0.00246457,0.00291966,-6.32909e-05,0.00290907,0.0347689
0.000727795,-0.00048093,-0.75306,0.0349215,0.035999,2.87365,0.0084471,-0.0604328,2.59854,-0.0432278,-0.146047,-1.67801,0.056198,-0.156748,0.881415,0.00484073,0.0016251,0.0351141,-0.00348688,1.00737e-06,-0.0304033,-0.000430028,-0.000120336,-0.0315259,-0.00125846,-0.00241725,0.001892,-0.000119895,0.00281504,0.0349979
0.000737077,-0.00048506,-0.75299,0.0349283,0.0359973,2.87359,0.00844778,-0.0604329,2.59848,-0.0432322,-0.146044,-1.67801,0.0561936,-0.156745,0.881485,0.00479846,0.00166682,0.0351351,-0.003468,-5.65602e-05,-0.0313112,-0.000308851,-0.000145948,-0.0299027,-0.00126445,-0.00236906,0.000788041,-0.000180417,0.0027174,0.0352992
0.000746359,-0.000489065,-0.75292,0.034935,0.0359957,2.87353,0.00844827,-0.0604328,2.59843,-0.0432366,-0.14604,-1.67801,0.0561892,-0.156742,0.881557,0.0047559,0.00171187,0.0351659,-0.00344998,-0.000117444,-0.032252,-0.000184426,-0.000174088,-0.0282522,-0.00127294,-0.00232029,-0.000390513,-0.000244769,0.00261654,0.0356756
0.000755645,-0.000492942,-0.752849,0.0349417,0.0359942,2.87346,0.00844858,-0.0604325,2.59837,-0.0432408,-0.146037,-1.67802,0.0561849,-0.156739,0.881629,0.00471345,0.00176023,0.0352082,-0.00343306,-0.000181474,-0.0332241,-5.72002e-05,-0.000204708,-0.026582,-0.001284,-0.00227123,-0.00164058,-0.000312789,0.00251295,0.0361289
0.000764941,-0.000496685,-0.752779,0.0349484,0.0359929,2.87339,0.00844871,-0.060432,2.59832,-0.0432449,-0.146034,-1.67802,0.0561807,-0.156736,0.881702,0.00467147,0.00181178,0.0352636,-0.00341746,-0.000248411,-0.0342244,7.22672e-05,-0.000237719,-0.0249008,-0.0012977,-0.00222219,-0.00295771,-0.000384235,0.00240714,0.0366594
0.000774251,-0.000500291,-0.752708,0.0349551,0.0359917,2.87332,0.00844864,-0.0604313,2.59828,-0.043249,-0.146031,-1.67803,0.0561766,-0.156734,0.881777,0.00463032,0.00186635,0.0353326,-0.00340337,-0.00031795,-0.0352489,0.000203307,-0.000272995,-0.023218,-0.00131403,-0.00217349,-0.00433605,-0.000458788,0.00229972,0.0372668
0.000783582,-0.000503759,-0.752637,0.0349619,0.0359907,2.87325,0.00844839,-0.0604305,2.59823,-0.0432529,-0.146028,-1.67804,0.0561725,-0.156732,0.881853,0.00459031,0.00192366,0.0354155,-0.00339093,-0.000389714,-0.0362919,0.000335139,-0.000310367,-0.0215445,-0.00133296,-0.00212546,-0.00576838,-0.000536052,0.00219133,0.0379492
0.000792938,-0.000507086,-0.752566,0.0349687,0.0359898,2.87317,0.00844795,-0.0604294,2.5982,-0.0432568,-0.146025,-1.67806,0.0561685,-0.156731,0.88193,0.00455174,0.00198338,0.0355117,-0.00338027,-0.000463262,-0.0373467,0.000466872,-0.000349629,-0.0198918,-0.00135444,-0.00207844,-0.00724612,-0.000615555,0.00208271,0.0387039
0.000802326,-0.000510271,-0.752495,0.0349754,0.035989,2.8731,0.00844733,-0.0604281,2.59816,-0.0432605,-0.146022,-1.67807,0.0561646,-0.156729,0.882009,0.00451486,0.00204511,0.0356202,-0.00337148,-0.000538083,-0.0384051,0.000597504,-0.000390535,-0.0182727,-0.00137834,-0.00203279,-0.00875927,-0.000696747,0.00197464,0.0395269
0.000811748,-0.000513316,-0.752424,0.0349823,0.0359884,2.87302,0.00844654,-0.0604266,2.59813,-0.0432642,-0.146019,-1.67809,0.0561607,-0.156728,0.88209,0.00447992,0.00210834,0.0357394,-0.00336461,-0.000613597,-0.0394579,0.000725921,-0.0004328,-0.0167011,-0.00140453,-0.00198887,-0.0102965,-0.000778999,0.00186796,0.0404131
0.000821211,-0.000516222,-0.752352,0.0349891,0.035988,2.87294,0.00844557,-0.0604249,2.59809,-0.0432677,-0.146015,-1.67812,0.0561569,-0.156727,0.882173,0.00444712,0.00217254,0.035867,-0.00335968,-0.000689158,-0.0404943,0.000850898,-0.000476097,-0.0151918,-0.00143282,-0.00194704,-0.011845,-0.000861606,0.00176359,0.0413562
0.000830718,-0.000518991,-0.75228,0.034996,0.0359877,2.87285,0.00844445,-0.060423,2.59807,-0.0432712,-0.146012,-1.67815,0.0561532,-0.156726,0.882258,0.00441665,0.00223704,0.0360002,-0.00335669,-0.000764051,-0.0415025,0.000971101,-0.000520062,-0.0137607,-0.00146299,-0.0019077,-0.0133907,-0.000943787,0.00166251,0.042349
0.000840271,-0.000521628,-0.752208,0.0350029,0.0359875,2.87277,0.00844317,-0.0604209,2.59804,-0.0432746,-0.146009,-1.67818,0.0561494,-0.156726,0.882344,0.00438867,0.00230115,0.0361355,-0.0033556,-0.000837494,-0.0424691,0.00108508,-0.000564289,-0.0124246,-0.00149478,-0.00187123,-0.0149182,-0.00102468,0.00156574,0.0433829
0.000849874,-0.000524137,-0.752135,0.0350098,0.0359875,2.87268,0.00844176,-0.0604187,2.59802,-0.0432779,-0.146005,-1.67821,0.0561458,-0.156726,0.882433,0.0043633,0.0023641,0.0362692,-0.00335634,-0.000908662,-0.0433802,0.00119133,-0.000608349,-0.011201,-0.00152789,-0.00183804,-0.0164109,-0.00110338,0.00147436,0.0444487
0.000859527,-0.000526525,-0.752062,0.0350168,0.0359876,2.87259,0.00844023,-0.0604162,2.598,-0.0432812,-0.146002,-1.67824,0.0561421,-0.156726,0.882524,0.00434065,0.00242518,0.0363974,-0.00335882,-0.000976793,-0.0442228,0.00128848,-0.000651835,-0.0101057,-0.00156205,-0.00180846,-0.0178538,-0.00117904,0.00138934,0.0455372
0.000869232,-0.000528801,-0.751989,0.0350239,0.0359878,2.8725,0.0084386,-0.0604136,2.59798,-0.0432844,-0.145998,-1.67828,0.0561385,-0.156726,0.882618,0.00432077,0.00248375,0.0365168,-0.00336297,-0.00104121,-0.0449855,0.00137532,-0.000694381,-0.00915211,-0.00159698,-0.0017828,-0.0192334,-0.00125091,0.00131153,0.0466402
0.000878987,-0.000530971,-0.751916,0.035031,0.0359881,2.87241,0.00843687,-0.0604108,2.59796,-0.0432876,-0.145995,-1.67832,0.0561349,-0.156727,0.882713,0.00430371,0.00253923,0.0366245,-0.00336867,-0.00110133,-0.0456584,0.00145084,-0.000735663,-0.0083515,-0.00163243,-0.00176129,-0.0205376,-0.00131835,0.00124162,0.0477498
0.000888793,-0.000533044,-0.751843,0.0350381,0.0359885,2.87232,0.00843508,-0.0604079,2.59795,-0.0432907,-0.145991,-1.67837,0.0561313,-0.156727,0.882811,0.00428945,0.00259115,0.0367177,-0.00337583,-0.00115665,-0.0462331,0.00151421,-0.000775394,-0.00771286,-0.00166819,-0.0017441,-0.0217566,-0.00138078,0.0011802,0.0488589
0.000898648,-0.000535032,-0.751769,0.0350453,0.0359891,2.87223,0.00843325,-0.0604049,2.59793,-0.0432937,-0.145987,-1.67841,0.0561278,-0.156728,0.882911,0.00427798,0.00263907,0.036794,-0.00338432,-0.00120676,-0.0467029,0.00156477,-0.000813326,-0.00724296,-0.00170402,-0.00173136,-0.0228816,-0.00143775,0.00112771,0.0499608
0.000908549,-0.000536943,-0.751695,0.0350525,0.0359897,2.87213,0.00843138,-0.0604018,2.59792,-0.0432968,-0.145983,-1.67846,0.0561242,-0.156729,0.883013,0.00426924,0.00268266,0.0368516,-0.00339403,-0.00125134,-0.0470625,0.00160204,-0.000849254,-0.00694632,-0.00173974,-0.00172314,-0.023906,-0.00148888,0.00108448,0.0510497
0.000918495,-0.000538788,-0.751622,0.0350597,0.0359903,2.87204,0.00842951,-0.0603986,2.59791,-0.0432998,-0.145979,-1.67851,0.0561206,-0.15673,0.883117,0.00426311,0.00272163,0.0368886,-0.00340483,-0.00129014,-0.0473081,0.00162572,-0.00088301,-0.00682523,-0.00177517,-0.00171944,-0.0248247,-0.00153389,0.00105069,0.0521201
0.000928482,-0.000540578,-0.751548,0.035067,0.0359911,2.87194,0.00842766,-0.0603954,2.59789,-0.0433029,-0.145975,-1.67856,0.056117,-0.156731,0.883223,0.0042595,0.0027558,0.0369037,-0.00341657,-0.00132302,-0.0474376,0.00163571,-0.000914467,-0.00687971,-0.00181014,-0.00172022,-0.0256341,-0.00157262,0.00102639,0.0531673
0.000938508,-0.000542322,-0.751474,0.0350743,0.0359918,2.87185,0.00842584,-0.0603921,2.59788,-0.0433059,-0.145971,-1.67861,0.0561134,-0.156732,0.883332,0.00425822,0.00278503,0.036896,-0.0034291,-0.00134991,-0.0474503,0.00163207,-0.000943536,-0.00710756,-0.0018445,-0.00172538,-0.0263326,-0.00160496,0.00101152,0.0541872
0.000948568,-0.000544032,-0.7514,0.0350817,0.0359927,2.87175,0.00842408,-0.0603887,2.59786,-0.0433089,-0.145967,-1.67867,0.0561098,-0.156734,0.883442,0.0042591,0.00280928,0.0368648,-0.00344227,-0.00137085,-0.0473471,0.00161505,-0.000970172,-0.00750434,-0.00187815,-0.00173474,-0.0269201,-0.00163092,0.00100587,0.0551762
0.000958659,-0.000545716,-0.751327,0.0350891,0.0359935,2.87166,0.0084224,-0.0603854,2.59785,-0.043312,-0.145963,-1.67872,0.0561062,-0.156735,0.883554,0.00426192,0.00282856,0.0368097,-0.00345591,-0.00138593,-0.0471305,0.00158507,-0.000994365,-0.00806335,-0.00191095,-0.0017481,-0.0273981,-0.00165062,0.00100911,0.0561315
0.000968776,-0.000547385,-0.751253,0.0350965,0.0359943,2.87157,0.00842081,-0.0603821,2.59783,-0.0433151,-0.145959,-1.67878,0.0561025,-0.156736,0.883668,0.00426643,0.00284296,0.0367307,-0.00346984,-0.00139536,-0.0468045,0.00154274,-0.00101615,-0.00877568,-0.00194284,-0.00176517,-0.02777,-0.00166424,0.00102078,0.0570505
0.000978915,-0.000549047,-0.75118,0.035104,0.0359952,2.87147,0.00841933,-0.0603787,2.59781,-0.0433182,-0.145955,-1.67883,0.0560987,-0.156737,0.883784,0.00427234,0.00285267,0.0366281,-0.00348389,-0.00139943,-0.0463745,0.00148884,-0.0010356,-0.00963014,-0.00197372,-0.00178564,-0.0280408,-0.00167207,0.00104028,0.0579318
0.000989071,-0.00055071,-0.751107,0.0351115,0.035996,2.87138,0.00841799,-0.0603755,2.59779,-0.0433214,-0.14595,-1.67889,0.056095,-0.156739,0.883902,0.00427934,0.0028579,0.0365027,-0.00349784,-0.00139851,-0.0458476,0.00142435,-0.00105282,-0.0106133,-0.00200355,-0.0018091,-0.0282171,-0.00167451,0.00106689,0.0587741
0.000999241,-0.000552381,-0.751034,0.035119,0.0359968,2.87129,0.00841678,-0.0603722,2.59777,-0.0433246,-0.145946,-1.67895,0.0560911,-0.15674,0.884021,0.00428709,0.00285899,0.0363554,-0.00351152,-0.00139305,-0.0452324,0.00135041,-0.00106797,-0.0117095,-0.00203228,-0.00183513,-0.0283071,-0.00167204,0.00109976,0.059577
0.00100942,-0.000554066,-0.750962,0.0351265,0.0359976,2.8712,0.00841573,-0.0603691,2.59774,-0.0433279,-0.145941,-1.679,0.0560873,-0.156741,0.884142,0.00429521,0.0028563,0.0361875,-0.00352469,-0.00138361,-0.0445391,0.00126835,-0.00108125,-0.0129009,-0.00205991,-0.0018632,-0.0283211,-0.00166523,0.0011379,0.0603405
0.0010196,-0.000555771,-0.75089,0.0351341,0.0359983,2.87111,0.00841484,-0.060366,2.59771,-0.0433312,-0.145937,-1.67906,0.0560833,-0.156742,0.884264,0.00430329,0.00285031,0.0360008,-0.00353715,-0.00137081,-0.0437793,0.00117968,-0.00109288,-0.0141674,-0.00208642,-0.00189278,-0.0282705,-0.00165476,0.00118022,0.0610654
0.00102978,-0.000557498,-0.750818,0.0351416,0.035999,2.87103,0.00841412,-0.060363,2.59768,-0.0433345,-0.145932,-1.67912,0.0560794,-0.156743,0.884387,0.0043109,0.00284155,0.0357973,-0.00354866,-0.00135538,-0.0429662,0.00108608,-0.00110314,-0.0154864,-0.00211184,-0.00192323,-0.0281689,-0.00164139,0.00122546,0.061753
0.00103996,-0.000559249,-0.750747,0.0351492,0.0359997,2.87094,0.00841358,-0.06036,2.59765,-0.043338,-0.145927,-1.67917,0.0560753,-0.156744,0.884512,0.00431757,0.00283062,0.0355792,-0.00355899,-0.00133811,-0.0421146,0.000989426,-0.00111234,-0.0168335,-0.0021362,-0.00195389,-0.0280313,-0.00162599,0.00127227,0.0624052
0.00105012,-0.000561025,-0.750676,0.0351568,0.0360004,2.87086,0.00841321,-0.0603572,2.59761,-0.0433414,-0.145923,-1.67923,0.0560713,-0.156745,0.884638,0.00432281,0.00281817,0.0353492,-0.00356789,-0.00131989,-0.0412404,0.000891711,-0.00112083,-0.0181824,-0.00215954,-0.00198406,-0.0278739,-0.00160949,0.00131917,0.0630245
0.00106028,-0.000562825,-0.750606,0.0351644,0.036001,2.87078,0.00841302,-0.0603545,2.59757,-0.043345,-0.145918,-1.67928,0.0560671,-0.156745,0.884765,0.00432617,0.00280485,0.0351098,-0.00357514,-0.00130154,-0.0403589,0.000794844,-0.00112894,-0.0195082,-0.00218193,-0.00201305,-0.0277124,-0.00159279,0.0013648,0.0636132
0.00107041,-0.000564645,-0.750536,0.035172,0.0360015,2.8707,0.008413,-0.0603518,2.59753,-0.0433485,-0.145913,-1.67934,0.056063,-0.156746,0.884894,0.00432725,0.00279125,0.0348636,-0.00358055,-0.00128382,-0.0394842,0.00070059,-0.00113697,-0.0207878,-0.0022034,-0.00204025,-0.027561,-0.00157671,0.00140787,0.0641738
0.00108053,-0.000566481,-0.750467,0.0351796,0.036002,2.87062,0.00841314,-0.0603492,2.59749,-0.0433522,-0.145908,-1.67939,0.0560587,-0.156747,0.885023,0.00432568,0.00277792,0.0346129,-0.00358394,-0.00126746,-0.0386295,0.000610573,-0.00114521,-0.0220001,-0.00222402,-0.0020651,-0.0274332,-0.00156202,0.00144721,0.0647086
0.00109062,-0.00056833,-0.750398,0.0351871,0.0360025,2.87055,0.00841344,-0.0603467,2.59744,-0.0433558,-0.145903,-1.67945,0.0560545,-0.156747,0.885154,0.00432116,0.00276537,0.0343598,-0.00358518,-0.00125309,-0.0378071,0.000526276,-0.00115391,-0.023126,-0.00224382,-0.0020871,-0.0273409,-0.00154943,0.00148177,0.0652196
0.00110069,-0.000570183,-0.75033,0.0351947,0.036003,2.87048,0.00841387,-0.0603442,2.59739,-0.0433595,-0.145898,-1.6795,0.0560502,-0.156748,0.885285,0.00431341,0.00275405,0.0341067,-0.00358414,-0.0012413,-0.037028,0.000449042,-0.0011633,-0.0241481,-0.00226285,-0.0021058,-0.0272951,-0.00153955,0.00151061,0.0657091
0.00111073,-0.000572035,-0.750263,0.0352023,0.0360035,2.8704,0.00841444,-0.0603418,2.59734,-0.0433632,-0.145893,-1.67956,0.0560459,-0.156748,0.885417,0.00430223,0.00274441,0.0338555,-0.00358074,-0.00123261,-0.0363023,0.00038007,-0.00117359,-0.025051,-0.00228117,-0.0021208,-0.0273055,-0.00153296,0.00153289,0.0661789
0.00112073,-0.000573877,-0.750195,0.0352098,0.0360039,2.87033,0.00841512,-0.0603395,2.59729,-0.043367,-0.145888,-1.67961,0.0560415,-0.156749,0.885551,0.00428742,0.00273681,0.0336081,-0.0035749,-0.00122748,-0.0356391,0.000320419,-0.00118497,-0.0258214,-0.00229882,-0.00213176,-0.0273808,-0.00153016,0.00154789,0.0666311
0.0011307,-0.0005757,-0.750129,0.0352173,0.0360044,2.87026,0.00841589,-0.0603371,2.59724,-0.0433707,-0.145883,-1.67967,0.0560372,-0.156749,0.885685,0.00426888,0.00273159,0.0333664,-0.0035666,-0.00122632,-0.0350464,0.000271006,-0.0011976,-0.0264476,-0.00231583,-0.00213842,-0.0275282,-0.00153159,0.001555,0.0670675
0.00114064,-0.000577496,-0.750062,0.0352249,0.0360048,2.87019,0.00841675,-0.0603348,2.59718,-0.0433745,-0.145878,-1.67972,0.0560328,-0.156749,0.88582,0.00424651,0.00272905,0.0331321,-0.00355581,-0.00122945,-0.0345312,0.000232607,-0.00121161,-0.02692,-0.00233226,-0.00214053,-0.0277542,-0.00153762,0.0015537,0.0674898
0.00115053,-0.000579255,-0.749996,0.0352323,0.0360053,2.87012,0.00841767,-0.0603325,2.59713,-0.0433782,-0.145873,-1.67978,0.0560285,-0.15675,0.885956,0.00422028,0.00272945,0.0329068,-0.00354255,-0.00123717,-0.0340993,0.000205858,-0.00122711,-0.027231,-0.00234815,-0.00213794,-0.0280637,-0.00154854,0.00154362,0.0678997
0.00116039,-0.000580968,-0.749931,0.0352398,0.0360058,2.87006,0.00841863,-0.0603302,2.59707,-0.0433819,-0.145868,-1.67984,0.0560242,-0.15675,0.886092,0.00419021,0.00273299,0.032692,-0.00352685,-0.00124968,-0.0337558,0.00019125,-0.00124419,-0.0273747,-0.00236353,-0.00213052,-0.0284607,-0.00156461,0.00152446,0.0682987
0.00117021,-0.000582623,-0.749866,0.0352472,0.0360064,2.86999,0.00841962,-0.0603278,2.59702,-0.0433856,-0.145863,-1.67989,0.0560198,-0.156751,0.88623,0.00415636,0.00273984,0.0324891,-0.00350879,-0.00126714,-0.0335045,0.000189135,-0.00126291,-0.0273473,-0.00237845,-0.00211823,-0.028948,-0.00158599,0.00149605,0.0686883
0.00117999,-0.000584212,-0.749802,0.0352547,0.036007,2.86992,0.0084206,-0.0603254,2.59697,-0.0433893,-0.145857,-1.67995,0.0560155,-0.156752,0.886368,0.00411882,0.00275013,0.0322994,-0.00348845,-0.00128965,-0.0333482,0.000199724,-0.00128332,-0.0271468,-0.00239295,-0.00210106,-0.0295272,-0.00161278,0.00145833,0.06907
0.00118972,-0.000585724,-0.749737,0.035262,0.0360077,2.86986,0.00842158,-0.060323,2.59691,-0.0433929,-0.145852,-1.68001,0.0560113,-0.156752,0.886507,0.00407775,0.00276394,0.0321241,-0.00346595,-0.00131722,-0.0332888,0.000223085,-0.00130541,-0.0267732,-0.00240706,-0.00207906,-0.0301986,-0.00164503,0.00141135,0.069445
0.00119942,-0.000587149,-0.749673,0.0352694,0.0360084,2.86979,0.00842251,-0.0603204,2.59686,-0.0433965,-0.145847,-1.68008,0.056007,-0.156753,0.886646,0.00403334,0.0027813,0.0319643,-0.00344143,-0.00134984,-0.0333269,0.000259146,-0.00132919,-0.0262283,-0.00242083,-0.00205235,-0.0309616,-0.0016827,0.00135526,0.0698145
0.00120907,-0.000588479,-0.74961,0.0352767,0.0360093,2.86972,0.00842339,-0.0603178,2.59681,-0.0433999,-0.145842,-1.68014,0.0560029,-0.156754,0.886787,0.00398585,0.00280222,0.031821,-0.00341506,-0.00138741,-0.0334624,0.000307693,-0.00135461,-0.0255159,-0.00243428,-0.00202108,-0.0318143,-0.0017257,0.00129033,0.0701798
0.00121868,-0.000589703,-0.749546,0.035284,0.0360102,2.86966,0.00842419,-0.060315,2.59676,-0.0434034,-0.145836,-1.6802,0.0559987,-0.156755,0.886928,0.00393555,0.00282665,0.0316949,-0.00338703,-0.00142977,-0.0336939,0.000368369,-0.00138162,-0.0246418,-0.00244746,-0.00198549,-0.0327535,-0.00177388,0.00121693,0.0705417
0.00122826,-0.000590814,-0.749483,0.0352913,0.0360112,2.86959,0.0084249,-0.0603122,2.59671,-0.0434067,-0.145831,-1.68027,0.0559947,-0.156757,0.887069,0.00388279,0.0028545,0.031587,-0.00335757,-0.00147672,-0.0340192,0.000440678,-0.00141013,-0.0236136,-0.0024604,-0.00194585,-0.0337751,-0.001827,0.00113555,0.0709014
0.00123779,-0.000591804,-0.74942,0.0352985,0.0360124,2.86952,0.00842549,-0.0603092,2.59667,-0.0434099,-0.145826,-1.68034,0.0559907,-0.156758,0.887212,0.00382794,0.00288563,0.0314978,-0.00332693,-0.00152796,-0.0344347,0.000523981,-0.00144004,-0.0224408,-0.00247314,-0.00190248,-0.0348736,-0.00188476,0.00104679,0.0712597
0.00124729,-0.000592667,-0.749357,0.0353057,0.0360137,2.86945,0.00842596,-0.060306,2.59663,-0.0434131,-0.14582,-1.68041,0.0559867,-0.15676,0.887355,0.00377144,0.00291988,0.0314279,-0.00329537,-0.00158318,-0.0349361,0.000617499,-0.0014712,-0.0211348,-0.0024857,-0.00185579,-0.0360426,-0.00194681,0.000951349,0.0716173
0.00125676,-0.000593396,-0.749295,0.0353129,0.0360151,2.86938,0.00842629,-0.0603027,2.59659,-0.0434161,-0.145815,-1.68049,0.0559829,-0.156762,0.887499,0.00371375,0.00295702,0.0313777,-0.00326319,-0.00164195,-0.035518,0.00072031,-0.00150348,-0.0197091,-0.00249813,-0.00180622,-0.0372742,-0.00201271,0.000850043,0.071975
0.00126619,-0.000593987,-0.749232,0.03532,0.0360166,2.8693,0.00842646,-0.0602992,2.59655,-0.0434191,-0.14581,-1.68057,0.0559791,-0.156765,0.887644,0.0036554,0.0029968,0.0313476,-0.00323073,-0.00170382,-0.0361739,0.000831351,-0.00153667,-0.0181789,-0.00251046,-0.00175426,-0.0385597,-0.00208197,0.000743795,0.0723334
0.0012756,-0.000594435,-0.749169,0.0353271,0.0360183,2.86923,0.00842647,-0.0602955,2.59652,-0.0434219,-0.145804,-1.68065,0.0559754,-0.156767,0.887789,0.00359695,0.0030389,0.0313379,-0.00319833,-0.00176827,-0.0368962,0.000949419,-0.00157059,-0.0165614,-0.00252272,-0.00170047,-0.0398889,-0.00215401,0.000633639,0.072693
0.00128498,-0.00059474,-0.749106,0.0353342,0.0360201,2.86916,0.0084263,-0.0602917,2.59649,-0.0434246,-0.145799,-1.68073,0.0559718,-0.15677,0.887935,0.00353902,0.00308298,0.0313485,-0.00316636,-0.0018347,-0.0376765,0.00107317,-0.00160499,-0.0148758,-0.00253493,-0.00164547,-0.0412506,-0.00222821,0.000520715,0.0730542
0.00129434,-0.0005949,-0.749044,0.0353413,0.0360221,2.86908,0.00842594,-0.0602876,2.59646,-0.0434272,-0.145793,-1.68081,0.0559682,-0.156773,0.888082,0.00348226,0.00312865,0.0313796,-0.00313523,-0.00190248,-0.0385051,0.00120111,-0.00163963,-0.0131431,-0.00254714,-0.00158991,-0.0426324,-0.00230386,0.000406274,0.0734174
0.00130369,-0.000594916,-0.748981,0.0353483,0.0360242,2.869,0.0084254,-0.0602834,2.59644,-0.0434297,-0.145788,-1.6809,0.0559648,-0.156776,0.88823,0.00342738,0.00317548,0.0314311,-0.00310538,-0.00197089,-0.0393714,0.00133162,-0.00167422,-0.0113863,-0.00255937,-0.00153453,-0.0440208,-0.00238019,0.000291678,0.0737829
0.00131302,-0.000594791,-0.748918,0.0353553,0.0360265,2.86892,0.00842467,-0.0602789,2.59642,-0.0434321,-0.145783,-1.68099,0.0559614,-0.15678,0.888378,0.00337512,0.00322299,0.0315028,-0.00307724,-0.00203915,-0.0402637,0.00146293,-0.00170846,-0.00963016,-0.00257164,-0.00148011,-0.0454011,-0.00245638,0.000178393,0.0741509
0.00132235,-0.000594528,-0.748855,0.0353624,0.0360289,2.86884,0.00842375,-0.0602743,2.5964,-0.0434343,-0.145777,-1.68109,0.0559581,-0.156784,0.888527,0.00332628,0.00327066,0.0315944,-0.00305132,-0.00210645,-0.0411694,0.00159312,-0.00174202,-0.00790155,-0.00258399,-0.00142747,-0.0467574,-0.0025315,6.79964e-05,0.0745214
0.00133167,-0.000594136,-0.748791,0.0353694,0.0360315,2.86875,0.00842265,-0.0602695,2.59639,-0.0434365,-0.145772,-1.68118,0.0559549,-0.156788,0.888677,0.0032817,0.00331792,0.0317054,-0.0030281,-0.00217188,-0.0420748,0.00172015,-0.00177456,-0.00622916,-0.00259643,-0.00137751,-0.0480727,-0.0026046,-3.78256e-05,0.0748944
0.001341,-0.000593621,-0.748728,0.0353764,0.0360342,2.86867,0.00842138,-0.0602645,2.59638,-0.0434386,-0.145766,-1.68128,0.0559517,-0.156792,0.888827,0.00324227,0.00336417,0.0318354,-0.00300814,-0.00223448,-0.042965,0.00184182,-0.00180568,-0.0046436,-0.002609,-0.00133119,-0.0493287,-0.00267462,-0.00013728,0.0752699
0.00135035,-0.000592995,-0.748664,0.0353834,0.036037,2.86858,0.00841994,-0.0602593,2.59637,-0.0434406,-0.145761,-1.68138,0.0559486,-0.156797,0.888979,0.00320892,0.00340877,0.0319838,-0.00299198,-0.00229325,-0.0438242,0.0019558,-0.00183499,-0.00317744,-0.00262172,-0.00128949,-0.0505061,-0.00274046,-0.000228464,0.0756478
0.00135971,-0.00059227,-0.748599,0.0353904,0.0360399,2.86849,0.00841834,-0.060254,2.59637,-0.0434425,-0.145755,-1.68148,0.0559456,-0.156801,0.889131,0.00318263,0.00345102,0.0321498,-0.00298021,-0.00234711,-0.0446357,0.00205962,-0.00186206,-0.00186511,-0.0026346,-0.00125348,-0.0515843,-0.00280093,-0.000309368,0.0760277
0.00136909,-0.000591463,-0.748535,0.0353974,0.0360429,2.8684,0.00841662,-0.0602485,2.59637,-0.0434443,-0.14575,-1.68159,0.0559426,-0.156806,0.889284,0.00316442,0.00349018,0.0323326,-0.00297346,-0.00239491,-0.0453816,0.00215065,-0.00188643,-0.000743009,-0.00264766,-0.00122429,-0.0525416,-0.00285481,-0.000377875,0.0764093
0.00137852,-0.000590591,-0.74847,0.0354044,0.036046,2.86831,0.0084148,-0.060243,2.59637,-0.0434461,-0.145744,-1.6817,0.0559396,-0.156811,0.889437,0.00315536,0.00352549,0.0325313,-0.00297234,-0.00243547,-0.0460429,0.00222614,-0.00190763,0.000150582,-0.00266093,-0.00120307,-0.0533552,-0.00290076,-0.000431758,0.0767923
0.00138798,-0.000589675,-0.748404,0.0354115,0.0360491,2.86821,0.00841289,-0.0602373,2.59637,-0.0434479,-0.145739,-1.6818,0.0559366,-0.156817,0.889591,0.00315656,0.00355612,0.0327448,-0.00297754,-0.00246751,-0.0465997,0.0022832,-0.00192515,0.00077545,-0.00267441,-0.00119107,-0.054001,-0.0029374,-0.000468686,0.077176
0.0013975,-0.000588739,-0.748338,0.0354186,0.0360523,2.86812,0.00841093,-0.0602316,2.59637,-0.0434497,-0.145733,-1.68191,0.0559336,-0.156822,0.889747,0.00316918,0.00358121,0.032972,-0.00298973,-0.00248973,-0.0470311,0.00231878,-0.00193847,0.00108946,-0.00268812,-0.00118956,-0.0544537,-0.00296329,-0.000486216,0.07756
