0,0,0.444745,-0.0215114,0.045136,1.89052,-0.116443,0.0137051,0.00746914,-0.11719,0.113702,-1.71453,-0.0182215,0.0993787,-1.07461,0,0,0,0,0,0,0,0,0,0,0,0,0,0,0
0,0,0.444745,-0.0215114,0.045136,1.89052,-0.116443,0.0137051,0.00746914,-0.11719,0.113702,-1.71453,-0.0182215,0.0993787,-1.07461,0,0,0,0,0,0,0,0,0,0,0,0,0,0,0
8.58039e-05,-7.67193e-05,0.446274,-0.0214946,0.0450264,1.88862,-0.116486,0.0137759,0.00705297,-0.117191,0.113773,-1.71562,-0.0182384,0.0993412,-1.07357,0.00443076,-0.010624,0.153202,-0.0109501,0.0018419,-0.190084,-0.00421786,0.00710902,-0.0416133,-0.00701863,-0.00113146,-0.10964,0.00248217,-0.00326882,0.104267
0.000354555,-0.000322961,0.450567,-0.0214192,0.0446871,1.88284,-0.11659,0.0139865,0.00651382,-0.117241,0.113984,-1.71809,-0.0183241,0.0993085,-1.07258,0.0086016,-0.0220468,0.259544,-0.0224398,0.00128949,-0.36722,-0.00552585,0.0132329,-0.00760294,-0.0123466,-0.00673656,-0.124517,-0.00396872,-0.00544441,-0.0169109
0.000788348,-0.000733216,0.456327,-0.0212444,0.0441506,1.87395,-0.116684,0.0142977,0.00751703,-0.117436,0.114295,-1.71965,-0.0185419,0.0994646,-1.07662,0.0119847,-0.032713,0.307148,-0.0328446,-0.00165806,-0.504964,-0.00355667,0.0173691,0.103676,-0.0149887,-0.0164593,-0.0310745,-0.0193778,-0.00604777,-0.37197
0.00136948,-0.0012985,0.462463,-0.0209382,0.0434493,1.8627,-0.116708,0.0146718,0.0115112,-0.117859,0.114665,-1.71821,-0.0189436,0.0999773,-1.09014,0.0146707,-0.0426811,0.302704,-0.0421407,-0.00678667,-0.606526,0.00139879,0.0196671,0.283653,-0.0151516,-0.0297391,0.165988,-0.0431654,-0.00540787,-0.944653
0.0020825,-0.00201118,0.467992,-0.0204723,0.0426126,1.84979,-0.116606,0.0150739,0.0197575,-0.118581,0.115054,-1.71163,-0.0195713,0.101018,-1.11751,0.0167771,-0.0520269,0.251784,-0.0503136,-0.0138879,-0.674558,0.00902961,0.0201295,0.521448,-0.0129764,-0.0457792,0.475294,-0.0757638,-0.00406501,-1.73819
0.0029137,-0.00286451,0.472057,-0.0198223,0.0416672,1.83587,-0.116329,0.0154688,0.0332351,-0.119652,0.115414,-1.69739,-0.0204527,0.102788,-1.16344,0.0184377,-0.060777,0.161173,-0.0573469,-0.0226475,-0.709984,0.0189049,0.01849,0.799421,-0.00854014,-0.0632019,0.924215,-0.119074,-0.00302122,-2.78437
0.00385039,-0.00385153,0.473978,-0.0189711,0.0406364,1.82162,-0.115842,0.0158163,0.0524069,-0.12108,0.115679,-1.6722,-0.0215939,0.105556,-1.23369,0.0197894,-0.0688801,0.0425115,-0.063263,-0.0324695,-0.711164,0.0302844,0.0140996,1.08261,-0.00198691,-0.0792164,1.56258,-0.176907,-0.0045328,-4.15395
0.00487981,-0.00496353,0.473442,-0.0179178,0.0395367,1.80774,-0.115124,0.0160632,0.0766024,-0.122776,0.11577,-1.63161,-0.0229613,0.109692,-1.33577,0.0209428,-0.0762004,-0.0785727,-0.0682521,-0.0420327,-0.67579,0.041601,0.00604645,1.29024,0.00598588,-0.0874268,2.44518,-0.253658,-0.014088,-5.9385
0.00598911,-0.00619067,0.470957,-0.0166979,0.0383661,1.79483,-0.114199,0.0161492,0.102564,-0.124437,0.115624,-1.57117,-0.0244371,0.115586,-1.47755,0.0219214,-0.0828513,-0.145947,-0.0731968,-0.0485829,-0.624103,0.049532,-0.00481997,1.24786,0.0125275,-0.0743604,3.48756,-0.341708,-0.0426031,-8.02945
0.00717265,-0.00753686,0.468331,-0.0153972,0.0370793,1.78224,-0.11317,0.0160921,0.123231,-0.125462,0.115334,-1.49305,-0.0257641,0.123101,-1.6569,0.0226203,-0.0903723,-0.102164,-0.0803618,-0.0497796,-0.659334,0.0508572,-0.00998684,0.803596,0.0113179,-0.0290179,4.1223,-0.390809,-0.0940278,-9.54168
0.00844346,-0.00903995,0.467246,-0.014078,0.0356007,1.76704,-0.112159,0.0161021,0.132935,-0.125413,0.11522,-1.41212,-0.0266693,0.131021,-1.85143,0.0229959,-0.1005,-0.0186475,-0.0904265,-0.0499587,-0.864655,0.0501092,-0.000792357,0.243537,0.001455,0.0257266,3.86798,-0.359694,-0.14061,-9.70328
0.0098175,-0.0107375,0.467292,-0.012706,0.033902,1.74667,-0.111163,0.0164053,0.133634,-0.124487,0.115514,-1.34215,-0.0270897,0.13818,-2.04091,0.0231878,-0.11193,0.0102002,-0.100695,-0.0538805,-1.14949,0.0532305,0.0165162,-0.096652,-0.0104749,0.0641789,3.16825,-0.291878,-0.161404,-9.26109
0.0112985,-0.0126389,0.467329,-0.0112267,0.0319999,1.72046,-0.110109,0.017089,0.130105,-0.123083,0.116244,-1.28723,-0.0270762,0.144222,-2.22148,0.0233572,-0.123396,-0.00979014,-0.109773,-0.0611957,-1.44177,0.060511,0.0355945,-0.213919,-0.0226565,0.0863813,2.3995,-0.225564,-0.159828,-8.86142
0.0128843,-0.0147403,0.466736,-0.00961437,0.0299118,1.68848,-0.108923,0.0181706,0.125964,-0.121486,0.117378,-1.24764,-0.0266621,0.149135,-2.39612,0.0236155,-0.134516,-0.0463294,-0.117535,-0.0703737,-1.72796,0.0708288,0.0546761,-0.183402,-0.0361463,0.0981532,1.63619,-0.171408,-0.141984,-8.65584
0.0145721,-0.0170351,0.465486,-0.00787076,0.0276451,1.65079,-0.107551,0.019654,0.123548,-0.119874,0.118892,-1.22339,-0.0258485,0.152938,-2.56886,0.0240125,-0.145254,-0.0727488,-0.124197,-0.0802381,-2.01379,0.0835224,0.0736154,-0.0574124,-0.0519624,0.103379,0.860951,-0.13161,-0.111471,-8.65069
0.0163596,-0.0195168,0.464034,-0.00601835,0.0251959,1.60729,-0.105952,0.0215474,0.124392,-0.118359,0.120775,-1.21508,-0.0246191,0.155601,-2.74359,0.0245253,-0.155671,-0.0663964,-0.130113,-0.0898853,-2.31052,0.0983993,0.0926583,0.132139,-0.07066,0.10416,0.0413244,-0.107228,-0.0703228,-8.8341
0.0182456,-0.0221798,0.463289,-0.004099,0.0225496,1.5576,-0.10409,0.0238692,0.129518,-0.117006,0.123032,-1.22396,-0.0229607,0.157024,-2.924,0.0250397,-0.165858,-0.00355383,-0.135817,-0.0984807,-2.63262,0.115606,0.112143,0.363671,-0.0924198,0.101555,-0.855049,-0.0998163,-0.0199467,-9.20005
0.0202301,-0.025019,0.464693,-0.00217727,0.0196789,1.50102,-0.101934,0.0266506,0.139572,-0.115846,0.125678,-1.25189,-0.020888,0.157031,-3.11375,0.0253161,-0.175882,0.145362,-0.14216,-0.105122,-2.99841,0.135596,0.132391,0.619797,-0.117137,0.096051,-1.85838,-0.111726,0.0382478,-9.75005
0.0223135,-0.0280288,0.470392,-0.00034827,0.0165408,1.43643,-0.0994469,0.0299368,0.154864,-0.114872,0.12874,-1.30133,-0.0184802,0.155362,2.96661,0.0249342,-0.185711,0.421222,-0.150571,-0.108774,-3.43185,0.159192,0.153589,0.883974,-0.144486,0.0878934,-2.99658,-0.146071,0.102306,-10.4904
0.0244948,-0.0311987,0.483543,0.00124887,0.013069,1.36213,-0.0965819,0.0337849,0.175369,-0.114029,0.132251,-1.37525,-0.0159348,0.151681,2.74683,0.0232053,-0.195033,0.883916,-0.16354,-0.108319,-3.96654,0.187769,0.17555,1.13923,-0.174025,0.0773729,-4.2947,-0.206464,0.169149,-11.4278
0.0267673,-0.0345054,0.508828,0.00240957,0.00916036,1.27555,-0.0932634,0.0382581,0.200733,-0.113202,0.13625,-1.47709,-0.0136409,0.145607,2.50612,0.0190454,-0.202833,1.62571,-0.185546,-0.102897,-4.65489,0.223722,0.197242,1.3704,-0.205373,0.0651157,-5.77259,-0.29633,0.23394,-12.562
0.0291055,-0.0378932,0.55336,0.0028281,0.00464501,1.17269,-0.0893516,0.0434122,0.230427,-0.112191,0.140769,-1.61053,-0.0122699,0.136796,2.24075,0.010827,-0.20628,2.79801,-0.224844,-0.0930412,-5.59103,0.27179,0.215675,1.57768,-0.238283,0.0523249,-7.43514,-0.417343,0.289519,-13.8688
0.0314267,-0.0412247,0.628402,0.00203408,-0.000776283,1.0467,-0.0845437,0.0492666,0.264575,-0.110694,0.145787,-1.77884,-0.0128499,0.125132,1.94816,-0.00355895,-0.197319,4.6644,-0.296517,-0.0841244,-6.97055,0.343438,0.222616,1.83774,-0.270895,0.0408229,-9.22479,-0.565643,0.326001,-15.2498
0.0334457,-0.0441428,0.751993,-0.000709068,-0.00762636,0.884562,-0.0780728,0.0557365,0.307948,-0.108383,0.151032,-1.98138,-0.0166944,0.111118,1.63011,-0.0246887,-0.150397,7.59821,-0.420929,-0.0955963,-9.21319,0.471602,0.192668,2.59184,-0.284865,0.0330728,-10.7544,-0.719864,0.328478,-16.3368
0.0341191,-0.0457044,0.936818,-0.00616479,-0.0160867,0.667218,-0.0680451,0.0624679,0.385056,-0.105606,0.155146,-2.1968,-0.0245684,0.0965548,1.3031,-0.0370415,0.00578756,9.93869,-0.516229,-0.136644,-12.0386,0.69849,0.0602209,5.24706,-0.179239,0.0412427,-10.3049,-0.811656,0.259903,-16.1272
0.0321256,-0.0451549,1.07785,-0.0119215,-0.0214938,0.450684,-0.0554797,0.0685211,0.494205,-0.102913,0.156556,-2.40773,-0.0359387,0.0822964,0.959327,-0.0171608,0.13895,4.01717,-0.258072,-0.0154386,-8.83629,0.624292,-0.0426403,4.17352,-0.190905,0.0905428,-12.1561,-1.01901,0.140833,-19.3074
0.0296282,-0.0441311,1.12714,-0.0155312,-0.0226687,0.30623,-0.0456778,0.072679,0.532541,-0.0964502,0.158831,-2.71158,-0.0547624,0.0679347,0.513477,-0.00547513,0.132307,2.05723,-0.170656,0.0108981,-6.71619,0.490635,-0.101788,0.913858,-0.40757,0.060389,-16.8238,-1.27541,0.0461056,-23.8548
0.0270601,-0.0429822,1.16556,-0.0188904,-0.0232704,0.167576,-0.0355696,0.0753288,0.557453,-0.0884723,0.160189,-3.05021,-0.0793465,0.0606066,0.0296298,0.00435533,0.148955,1.64762,-0.167468,0.0151613,-7.11001,0.508506,-0.19256,1.72009,-0.387139,0.0208074,-16.6843,-1.27756,-0.0998432,-24.2652
0.024239,-0.0416134,1.18492,-0.0220845,-0.0227949,0.0253132,-0.0246155,0.0771731,0.602401,-0.0812778,0.159571,2.91143,-0.104092,0.0622079,-0.454582,0.012879,0.160874,0.328083,-0.148874,0.0610698,-7.02951,0.497666,-0.251116,2.59805,-0.345816,-0.00693935,-15.492,-1.17475,-0.261033,-24.1087
0.0213663,-0.040096,1.17469,-0.0247623,-0.0208046,-0.109699,-0.0138143,0.0785943,0.658609,-0.0750161,0.157679,2.62161,-0.124702,0.0708957,-0.928966,0.0173507,0.160798,-1.18322,-0.132633,0.118821,-6.46677,0.452214,-0.271777,2.90265,-0.313042,-0.0457708,-13.5419,-0.973485,-0.37205,-23.2802
0.0186432,-0.0385057,1.13701,-0.0267258,-0.0174902,-0.229942,-0.00393366,0.0798778,0.715142,-0.0695061,0.155378,2.38005,-0.13851,0.0830008,-1.37846,0.0178684,0.152466,-2.39198,-0.121481,0.165486,-5.61155,0.39164,-0.259456,2.69651,-0.269771,-0.097069,-10.7787,-0.715299,-0.388327,-21.7425
0.0161821,-0.0368948,1.08051,-0.0279278,-0.0133509,-0.331609,0.00462867,0.0812011,0.76299,-0.0644799,0.153478,2.19982,-0.14534,0.0946427,-1.7937,0.0161859,0.140731,-3.10519,-0.111873,0.191529,-4.65018,0.332103,-0.226058,2.09772,-0.207694,-0.151429,-7.52395,-0.47266,-0.310198,-19.9698
0.0140121,-0.0352886,1.01491,-0.0284595,-0.00890365,-0.414417,0.0118061,0.0826315,0.796162,-0.0596615,0.152577,2.08635,-0.146664,0.103276,-2.17593,0.0141323,0.12897,-3.36898,-0.101937,0.198942,-3.73955,0.282054,-0.184437,1.28345,-0.134655,-0.198776,-4.17026,-0.301827,-0.167767,-18.4913
0.0121215,-0.0336937,0.947494,-0.0284762,-0.00450776,-0.480198,0.0177193,0.0841826,0.812583,-0.0548873,0.152945,2.03867,-0.14414,0.107847,-2.53608,0.0128772,0.118213,-3.34369,-0.0913248,0.19508,-2.93574,0.243096,-0.140944,0.456469,-0.0659291,-0.233462,-0.946229,-0.235191,0.00360958,-17.7578
0.0105014,-0.0321147,0.882183,-0.028105,-0.000341326,-0.530607,0.0225007,0.0859087,0.814139,-0.0502128,0.154558,2.05463,-0.138735,0.10804,-2.89426,0.0129679,0.107579,-3.19794,-0.079038,0.187639,-2.17874,0.213983,-0.093248,-0.187435,-0.012727,-0.250389,2.25022,-0.299125,0.172463,-18.2759
0.00917079,-0.030575,0.819321,-0.0273633,0.00356094,-0.564871,0.0261674,0.0880267,0.807676,-0.0461009,0.157145,2.13978,-0.130346,0.103267,2.99707,0.0145955,0.094788,-3.13847,-0.0613217,0.186127,-1.2915,0.19584,-0.0298412,-0.299494,0.0243879,-0.226443,6.0949,-0.554151,0.294173,-21.1957
0.00818686,-0.0291289,0.750908,-0.0259283,0.00742454,-0.577118,0.0286328,0.0912284,0.819551,-0.0444511,0.159483,2.32198,-0.117539,0.0912328,2.49668,0.0177232,0.0795294,-3.90291,-0.0260252,0.225745,-0.0193839,0.218158,0.0628324,2.09685,0.0632644,-0.00416047,11.7063,-1.09123,0.188376,-28.6955
0.00736562,-0.0275613,0.655403,-0.0231083,0.0120788,-0.576085,0.0313662,0.0959389,0.926872,-0.0486084,0.155973,2.53253,-0.105818,0.0739542,1.95427,0.0192322,0.0956207,-5.19784,0.00273329,0.295036,-0.112389,0.295304,0.00605956,7.28589,0.0211585,0.43281,7.65021,-0.859482,-0.0441321,-23.1703
0.00653664,-0.0256806,0.551055,-0.0196427,0.0169181,-0.577513,0.0349515,0.1007,1.08349,-0.0534082,0.147525,2.62111,-0.103138,0.060767,1.56247,0.0180412,0.103523,-5.17767,0.0249475,0.294588,0.0619224,0.2917,-0.045217,8.01105,-0.0620885,0.507624,2.24938,-0.58315,-0.00143707,-17.5731
0.00585314,-0.0236773,0.449242,-0.015861,0.0213615,-0.570965,0.0381834,0.105499,1.24426,-0.0565326,0.137576,2.62516,-0.105911,0.0506169,1.23534,0.0170976,0.104796,-5.02554,0.0511018,0.283541,0.564213,0.2764,-0.0634574,8.06179,-0.162318,0.508277,-1.33847,-0.5051,0.0634769,-15.6501
0.00535891,-0.0216106,0.34958,-0.0117663,0.0253652,-0.553024,0.04076,0.110459,1.40781,-0.0579147,0.126686,2.56407,-0.112509,0.0429036,0.931889,0.0167959,0.104877,-4.98083,0.0823819,0.273646,1.20034,0.267409,-0.0692229,8.33913,-0.291528,0.490643,-4.42721,-0.498994,0.120808,-14.8645
0.00507887,-0.0195232,0.247504,-0.00717039,0.0289532,-0.518657,0.042401,0.115802,1.58345,-0.057591,0.114536,2.44215,-0.12197,0.0380161,0.641711,0.0169547,0.102551,-5.29276,0.131803,0.269145,2.25106,0.279315,-0.0559265,9.2883,-0.466745,0.455133,-7.47951,-0.507195,0.170222,-14.1654
0.00505511,-0.0175441,0.129354,-0.00139455,0.0320382,-0.450611,0.042157,0.122056,1.7915,-0.0554173,0.100164,2.25721,-0.13277,0.0367877,0.374938,0.0173158,0.0913321,-6.68544,0.244048,0.269066,4.68978,0.35059,0.00875747,11.5777,-0.717282,0.370291,-10.7186,-0.461138,0.224035,-12.356
0.00533487,-0.0158774,-0.0472658,0.00769728,0.0340667,-0.299204,0.0371732,0.129624,2.06025,-0.0510859,0.0826098,2.01358,-0.141442,0.0397642,0.179251,0.0170841,0.0835716,-11.2352,0.539736,0.225228,10.4837,0.51957,0.198709,14.7481,-0.963472,0.153931,-12.8982,-0.233629,0.274987,-6.96954
0.00608185,-0.013017,-0.30763,0.0212219,0.0346357,-0.0479019,0.0260102,0.134521,2.33427,-0.0462338,0.0653776,1.77768,-0.144101,0.0448363,0.115778,-0.00893523,0.212852,-12.5987,0.654833,0.0462304,12.5739,0.468823,0.381333,11.7673,-0.802515,-0.050206,-10.3897,0.0284846,0.240044,-0.658258
0.00760233,-0.00811385,-0.512741,0.0321307,0.0354563,0.173028,0.0149142,0.133963,2.52439,-0.0429612,0.0524128,1.59757,-0.142925,0.0497359,0.136239,-0.051688,0.273444,-8.54228,0.463718,-0.0261178,9.95189,0.355431,0.395996,8.05087,-0.586648,-0.121851,-8.16458,0.146228,0.215123,2.07652
0.00959544,-0.00271223,-0.653591,0.0399975,0.036983,0.354832,0.00525427,0.130754,2.66264,-0.0408308,0.0420058,1.44484,-0.140039,0.0545684,0.196272,-0.0806829,0.281282,-5.99384,0.354737,-0.0353016,8.53638,0.30916,0.393152,6.13795,-0.474226,-0.149935,-7.34861,0.224757,0.199739,3.69662
0.0118718,0.0027098,-0.753306,0.0460745,0.0391814,0.517064,-0.00335848,0.126109,2.77093,-0.0395821,0.0329002,1.29938,-0.135921,0.0597101,0.286867,-0.0974207,0.277656,-4.23559,0.299062,-0.0270708,7.84003,0.285085,0.393227,4.87092,-0.411307,-0.16205,-7.31319,0.306966,0.185579,5.24094
0.0143513,0.00801466,-0.822108,0.0509804,0.0420486,0.669881,-0.0111089,0.120438,2.85569,-0.0393109,0.0244973,1.14673,-0.130453,0.065644,0.412862,-0.104651,0.27175,-2.82875,0.273802,-0.0152787,7.51982,0.263417,0.399375,3.69966,-0.380895,-0.160538,-8.02616,0.420685,0.163235,7.29295
0.016987,0.01314,-0.865767,0.0550666,0.0455428,0.818529,-0.0179475,0.113872,2.91265,-0.0406424,0.0164817,0.967198,-0.122972,0.0732426,0.593862,-0.104268,0.265579,-1.71425,0.265972,-0.0116425,7.36675,0.225155,0.413524,1.98692,-0.394524,-0.126703,-10.03,0.612773,0.103951,10.8218
0.0197099,0.0180127,-0.894196,0.0586952,0.04932,0.961076,-0.0232856,0.106584,2.91414,-0.0458349,0.0091593,0.724958,-0.112145,0.084012,0.869799,-0.0988147,0.253032,-1.35463,0.251586,-0.0411804,6.74657,0.11961,0.407895,-2.00503,-0.517936,0.0243657,-13.8875,0.865214,-0.101579,16.0287
0.0223062,0.0224462,-0.922707,0.0621681,0.0526295,1.07876,-0.0259692,0.0998716,2.82312,-0.0572806,0.00490002,0.445542,-0.100375,0.0951378,1.16811,-0.0922792,0.228184,-1.39569,0.216739,-0.0748219,5.285,-0.019858,0.319998,-6.04859,-0.643792,0.173658,-13.2192,0.623514,-0.318191,12.7892
0.0248531,0.026508,-0.945692,0.0653982,0.0557671,1.17984,-0.0270564,0.0938742,2.68452,-0.0711891,0.00413959,0.201434,-0.0911966,0.102118,1.37488,-0.0842378,0.221281,-0.881305,0.209257,-0.0824049,5.03107,-0.101641,0.287763,-7.50434,-0.689227,0.169429,-11.5697,0.337235,-0.365735,8.68195
0.0275824,0.0303774,-0.95322,0.0683466,0.0593305,1.28606,-0.0276269,0.0874209,2.52235,-0.0856686,0.00598894,-0.0221805,-0.0834507,0.105964,1.51967,-0.0728673,0.226627,0.125579,0.226903,-0.0783516,5.65692,-0.185233,0.294289,-8.62122,-0.725234,0.137181,-10.987,0.147931,-0.369341,6.20866
0.0306183,0.0341496,-0.932091,0.0707617,0.0639575,1.41427,-0.0280158,0.0795462,2.33441,-0.10025,0.0103926,-0.24188,-0.0762972,0.107482,1.62317,-0.0552404,0.240426,2.00626,0.280576,-0.0572579,7.20485,-0.312016,0.315347,-10.1401,-0.761704,0.10975,-11.0644,0.00504938,-0.361751,4.39386
0.0340491,0.0379176,-0.852622,0.0716996,0.0708182,1.59113,-0.0282798,0.068785,2.10508,-0.114343,0.0178629,-0.467264,-0.0692989,0.107143,1.69602,-0.0237839,0.261144,6.12883,0.420831,0.0120949,10.5928,-0.550022,0.324405,-12.7954,-0.789333,0.119967,-11.4131,-0.0970343,-0.358978,3.18365
0.0377054,0.0416014,-0.635583,0.0673878,0.0818377,1.86433,-0.0283351,0.0529045,1.81373,-0.125399,0.0288493,-0.680194,-0.0625043,0.106594,1.77156,0.0400564,0.238567,15.3692,0.726308,0.24487,15.8411,-0.869091,0.201175,-15.3241,-0.650367,0.239762,-9.01794,-0.0413488,-0.344952,5.1661
0.0408747,0.0442451,-0.275281,0.0544656,0.0923626,2.15282,-0.0290696,0.037391,1.55499,-0.129057,0.038972,-0.785785,-0.0583191,0.109655,1.93492,0.119562,0.154819,18.5517,0.712257,0.411778,12.2392,-0.654692,0.0523652,-10.6594,-0.323871,0.258794,-2.57436,0.166373,-0.209065,10.4433
0.0442276,0.0468475,0.0790554,0.0402789,0.0966913,2.34437,-0.0312631,0.0268219,1.38093,-0.129466,0.0456952,-0.793324,-0.0581971,0.115843,2.19019,0.186514,0.133007,16.9055,0.523813,0.421041,7.6156,-0.481424,0.0450584,-7.40037,-0.18386,0.187367,1.14181,0.323821,-0.138114,14.5529
0.0478343,0.0502592,0.397344,0.0284857,0.0963638,2.45626,-0.0348076,0.0189431,1.25703,-0.129925,0.0498072,-0.747803,-0.0619225,0.123126,2.51229,0.24136,0.102756,15.1688,0.333248,0.408507,4.0474,-0.406587,0.0817073,-5.31531,-0.126675,0.0789972,2.80235,0.394717,-0.126551,16.9058
0.0515136,0.0543555,0.68762,0.0197786,0.0929934,2.50315,-0.039816,0.012691,1.16654,-0.131755,0.0520248,-0.700082,-0.0673273,0.128504,2.84394,0.280248,0.0504265,14.1108,0.151971,0.400401,1.01833,-0.377838,0.141682,-4.00227,-0.142055,-0.0198872,1.71852,0.296619,-0.104644,15.932
0.0552019,0.0589387,0.967315,0.0140336,0.0873144,2.49355,-0.0463294,0.00758788,1.09435,-0.135193,0.0534499,-0.689116,-0.0716071,0.130631,3.14036,0.300832,-0.0157184,14.0496,-0.0335963,0.40055,-1.67802,-0.371749,0.200633,-3.35719,-0.188508,-0.0775672,-0.429859,0.161677,-0.0324642,13.9594
0.0587989,0.063942,1.26008,0.0111932,0.0792292,2.42981,-0.0541255,0.00350949,1.03172,-0.139944,0.0548438,-0.720487,-0.0739688,0.129992,-2.87881,0.300452,-0.0868289,15.3911,-0.263076,0.397979,-4.49641,-0.359996,0.252183,-2.94785,-0.23628,-0.109639,-2.46903,0.0853659,0.0696147,12.7348
0.0619114,0.0693497,1.60773,0.0119455,0.0675036,2.29823,-0.0627431,0.00100844,0.980216,-0.145805,0.0566928,-0.791682,-0.0746513,0.126958,-2.6269,0.27287,-0.13966,19.7177,-0.638636,0.346468,-8.66269,-0.278525,0.307051,-2.10893,-0.287354,-0.127603,-4.48359,0.0810879,0.188759,12.7009
0.062137,0.0744249,2.11686,0.0194083,0.0484585,2.03824,-0.0698642,0.00339827,0.977767,-0.152789,0.0592858,-0.906166,-0.0740748,0.120963,-2.35129,0.245463,0.0472654,30.8371,-1.2961,-0.0547022,-17.1322,0.25148,0.337254,2.84888,-0.310562,-0.135673,-6.59955,0.178397,0.329631,15.3065
0.0533247,0.0739041,2.65732,0.0300466,0.0296533,1.71524,-0.068912,0.0152587,1.11732,-0.158805,0.0590685,-1.03075,-0.073036,0.110486,-2.00864,0.428707,0.404826,21.5801,-0.709862,-0.287869,-13.653,0.703774,0.131044,8.64037,-0.0223471,-0.205809,-5.96668,0.491598,0.361294,18.0704
0.0411652,0.0694415,3.00213,0.0342144,0.019927,1.48525,-0.0654198,0.0284715,1.28577,-0.161385,0.0565895,-1.16753,-0.0694071,0.0958323,-1.61724,0.585167,0.339217,14.5358,-0.346357,-0.123135,-10.0365,0.668659,0.00955157,7.62229,0.0661994,-0.0668142,-8.2332,0.83012,0.326512,21.4684
0.0284271,0.0645064,-3.00963,0.035006,0.0149411,1.3404,-0.0623516,0.0377772,1.34623,-0.159841,0.0600455,-1.43725,-0.0607311,0.0733606,-1.07348,0.668412,0.141543,14.96,-0.104139,-0.124595,-3.95403,0.290533,-0.12629,-2.53289,-0.465056,0.308893,-17.7804,1.33697,-0.178481,30.4064
0.0156302,0.0591074,-2.63562,0.039863,0.0153722,1.31016,-0.0567596,0.0411419,1.28992,-0.152841,0.0688615,-1.68931,-0.0535423,0.0570383,-0.642093,0.701843,-0.0334867,21.5323,0.284097,-0.246706,0.826637,0.206384,-0.242579,-2.98245,-0.458778,0.320964,-9.71155,0.534147,-0.283257,17.0303
0.00393881,0.0516018,-2.09611,0.0471973,0.0265278,1.43559,-0.0518901,0.0400073,1.18402,-0.144503,0.0777274,-1.86786,-0.0488832,0.0484561,-0.341625,0.638657,-0.228995,32.4895,0.998837,-0.1631,11.8887,-0.143454,-0.205269,-8.01449,-0.636959,0.263393,-8.90575,0.274429,-0.24163,14.0316
-0.00191684,0.0415162,-1.33233,0.0466683,0.0533267,1.78488,-0.0510488,0.0320812,0.96968,-0.133519,0.0886375,-2.04404,-0.0445098,0.04306,-0.0641244,0.493423,-0.160612,40.629,1.53365,0.198052,19.6266,-0.438329,-0.176446,-11.9022,-0.723255,0.270891,-8.31841,0.205339,-0.207385,13.9125
0.00329631,0.0338398,-0.588103,0.0310355,0.0754395,2.10883,-0.0548365,0.024195,0.726115,-0.121234,0.0989709,-2.19249,-0.0399441,0.0407298,0.215454,0.50165,0.0355989,32.8477,1.04512,0.458555,11.9186,-0.477905,-0.0584125,-12.3696,-0.727348,0.224829,-6.72637,0.191178,-0.130355,14.1519
0.0134836,0.0312918,-0.0389366,0.01543,0.0812539,2.23101,-0.0635559,0.019925,0.47486,-0.109277,0.108861,-2.30246,-0.0348709,0.0420497,0.521926,0.540147,-0.0358122,23.703,0.387694,0.516723,1.68966,-0.548183,0.11975,-12.5533,-0.703412,0.140043,-4.07195,0.32512,-0.0406622,16.921
0.0244236,0.0309129,0.378965,0.00592567,0.0773653,2.17751,-0.0762269,0.0203481,0.239712,-0.0999692,0.117489,-2.33083,-0.0274879,0.0485942,0.920017,0.512631,-0.204057,19.3533,-0.0960472,0.489359,-5.88513,-0.633477,0.28408,-10.9057,-0.538119,0.00806158,0.410309,0.574817,-0.0711616,21.7578
0.0355231,0.0311494,0.773943,0.000575067,0.0669074,1.98953,-0.0907853,0.0262469,0.0330743,-0.0940921,0.126192,-2.33433,-0.0218524,0.0570444,1.32597,0.41261,-0.369284,21.233,-0.571956,0.48009,-12.3228,-0.693223,0.431227,-10.0664,-0.525576,-0.0892008,-1.4009,0.379002,-0.11364,18.3198
0.0451809,0.0326074,1.32874,-0.00336151,0.0445924,1.64179,-0.10311,0.0374994,-0.149464,-0.0882188,0.136385,-2.39694,-0.0204474,0.062852,1.65965,0.215817,-0.287073,36.0602,-1.59846,0.215665,-22.7327,-0.358006,0.611311,-7.1009,-0.69709,-0.108306,-4.36238,0.244904,-0.140698,16.3587
0.0410233,0.0359898,2.03709,-0.00363868,0.0135107,1.21168,-0.0972594,0.0486557,-0.116486,-0.085637,0.147978,-2.4672,-0.0231949,0.0698692,2.02853,0.347372,0.407603,28.4932,-1.03019,-0.515165,-16.9521,0.659853,0.521767,7.18609,-0.329643,-0.408692,-2.82226,0.40933,0.0415458,19.1306
0.0283581,0.0373081,2.50514,-0.00135935,-0.00290226,0.928922,-0.0814568,0.0569675,0.0696573,-0.0884169,0.156725,-2.53308,-0.0312522,0.0746751,2.40117,0.57028,0.394329,20.4745,-0.391867,-0.455573,-12.7844,0.923963,0.373973,10.4399,-0.08889,-0.38257,-3.85186,0.438393,0.204848,18.2793
0.0137647,0.0368972,2.86425,7.45794e-05,-0.0111921,0.679105,-0.0627351,0.0666214,0.295156,-0.0918241,0.162297,-2.62796,-0.0426895,0.0752006,2.76615,0.708967,0.253207,15.867,-0.158268,-0.214908,-12.7152,1.1127,0.217745,11.8996,0.0282307,-0.229315,-5.56093,0.54626,0.309225,18.4459
-0.0015081,0.0359299,3.10106,-0.00353393,-0.0140291,0.388209,-0.0413871,0.0785298,0.551327,-0.0937689,0.163713,-2.7646,-0.0569564,0.0707352,-3.13196,0.769371,0.0393514,7.43419,-0.378029,0.129527,-16.6525,1.29117,-0.0812324,13.3157,0.025697,0.0870085,-8.25623,0.76327,0.386955,20.234
-0.0170786,0.038342,-3.0734,-0.0136717,-0.0115418,0.0590959,-0.0195779,0.0882836,0.772554,-0.0893745,0.159897,-3.01229,-0.07648,0.0607315,-2.64455,0.771554,-0.280397,4.7923,-0.534467,0.275548,-16.4057,1.01666,-0.515551,10.9089,-0.249838,0.457037,-12.4754,1.0953,0.0678005,24.0597
-0.0331134,0.0445938,-2.91058,-0.021665,-0.00407794,-0.216347,-0.000198699,0.0935909,0.97934,-0.0832116,0.149348,3.06713,-0.0906509,0.0496251,-2.23757,0.709657,-0.520099,10.9259,-0.372274,0.398248,-11.791,0.666156,-0.604813,10.0035,-0.360588,0.589456,-8.6124,0.768547,-0.0862865,17.9653
-0.049332,0.0512133,-2.65028,-0.0257429,0.00712748,-0.428419,0.0158004,0.0980898,1.17925,-0.0766315,0.136252,2.91635,-0.0989653,0.0387779,-1.90607,0.565068,-0.656532,14.2884,-0.431718,0.516681,-10.044,0.495221,-0.591336,10.0498,-0.498787,0.600623,-6.91021,0.6181,-0.125117,15.8075
-0.065253,0.0568936,-2.34314,-0.029439,0.0220029,-0.630142,0.0294869,0.102797,1.3806,-0.0687097,0.121703,2.78562,-0.10356,0.027972,-1.59979,0.359484,-0.743564,16.2189,-0.672078,0.552282,-10.3754,0.344048,-0.565868,10.0112,-0.666535,0.554693,-6.34136,0.53571,-0.147473,14.9831
-0.0804683,0.061642,-1.9875,-0.0347469,0.0414044,-0.860753,0.0410865,0.106591,1.57263,-0.0589134,0.106408,2.65981,-0.10525,0.0177907,-1.30823,0.0980434,-0.763906,19.5814,-1.06831,0.467411,-12.9914,0.128712,-0.505165,9.01758,-0.806688,0.449495,-6.29197,0.450865,-0.173982,14.1942
-0.0937829,0.065711,-1.45952,-0.0440922,0.0712633,-1.23414,0.0502942,0.104297,1.6965,-0.0489168,0.0917592,2.54537,-0.105069,0.00901314,-1.03231,-0.257099,-0.500279,37.7688,-2.20308,-0.00813887,-28.1136,-0.596496,-0.119409,1.06472,-0.554168,0.448688,-3.88236,0.339925,-0.336609,14.1851
-0.0879579,0.0746906,-0.802901,-0.0519892,0.109422,-1.78233,0.0457817,0.0884254,1.60049,-0.0541742,0.0854564,2.73871,-0.0933812,-0.00653714,-0.504746,-0.0107197,0.813199,18.8318,-1.20601,-0.337238,-18.0171,-0.497881,0.469785,-3.26179,0.354533,0.352825,15.8407,1.25904,-0.225965,32.7771
-0.0758216,0.0865479,-0.531942,-0.0504612,0.129639,-2.07843,0.0369285,0.081028,1.54943,-0.0630487,0.0831643,3.07287,-0.0699151,-0.0165997,0.163376,0.229185,0.829901,10.4477,-0.836782,-0.272939,-13.1196,-0.292541,0.463365,-2.11036,0.458987,0.103347,16.0471,1.09123,-0.364112,32.3828
-0.0634029,0.0983821,-0.374299,-0.0451219,0.14492,-2.31948,0.0281365,0.0768527,1.51684,-0.0717179,0.0822457,-2.94218,-0.0519085,-0.0157726,0.749463,0.365373,0.768645,6.04312,-0.738521,-0.222257,-11.4124,-0.167098,0.428557,-1.26328,0.425094,-0.0679566,11.0247,0.612986,-0.296152,26.6851
-0.051023,0.109643,-0.290634,-0.036695,0.157546,-2.53981,0.019916,0.0751127,1.49957,-0.0798305,0.0822296,-2.77739,-0.0442103,-0.0112113,1.22872,0.434655,0.699262,2.77382,-0.730165,-0.208378,-10.7988,-0.0550507,0.40335,-0.532673,0.366465,-0.168516,6.1178,0.287415,-0.0772652,22.0251
-0.0387623,0.120033,-0.265162,-0.025659,0.168286,-2.75375,0.01216,0.0757128,1.49847,-0.0875785,0.0829388,-2.69868,-0.0447212,-0.00741189,1.6356,0.458064,0.639331,0.139278,-0.746733,-0.23372,-10.6506,0.0680423,0.389006,0.384967,0.323945,-0.217389,2.30106,0.167391,0.167464,19.224
-0.0266772,0.129381,-0.285777,-0.012582,0.177353,-2.96676,0.00481232,0.0788775,1.51949,-0.0950561,0.0840058,-2.68705,-0.0511511,-0.00584046,2.00418,0.450313,0.593895,-1.89616,-0.752292,-0.289697,-10.6643,0.211887,0.371094,1.64852,0.30183,-0.220957,-0.752553,0.212931,0.381675,18.0044
-0.0148305,0.137648,-0.34128,0.00190424,0.184764,3.10183,-0.00207115,0.0848429,1.56956,-0.102071,0.0849669,-2.7338,-0.0624125,-0.00683293,2.36597,0.421835,0.563277,-3.42705,-0.733703,-0.361708,-10.8048,0.374796,0.332593,3.26009,0.285752,-0.177043,-3.67771,0.410803,0.538217,18.4545
-0.00328771,0.144904,-0.423371,0.0172541,0.190489,2.88248,-0.00836814,0.0938272,1.65786,-0.107989,0.0851321,-2.84765,-0.0790166,-0.0105788,2.76547,0.378729,0.546212,-4.60941,-0.690317,-0.439243,-11.132,0.556672,0.248765,5.53453,0.242799,-0.0542489,-7.64406,0.823121,0.582989,21.883
0.0079854,0.151453,-0.537313,0.0335769,0.194408,2.64184,-0.014344,0.106637,1.8239,-0.111158,0.0815964,-3.06589,-0.103595,-0.0181172,-2.99599,0.318453,0.562354,-7.65802,-0.721977,-0.53562,-13.9643,0.852003,0.125956,11.9174,0.0640251,0.356635,-13.3758,1.42309,0.257876,29.2643
0.0174023,0.155519,-0.916742,0.0570834,0.185939,2.11731,-0.0283505,0.133968,2.3061,-0.102514,0.0668868,2.8721,-0.129137,-0.029504,-2.41226,0.184946,0.0872409,-32.2087,-1.77565,-0.279433,-42.1432,2.3429,-0.732112,41.2468,-1.89651,0.337573,-26.4172,0.68722,-0.443867,27.0557
0.0141052,0.149173,-0.922947,0.0539744,0.179346,1.87186,-0.0415277,0.149693,2.81904,-0.073227,0.0548498,2.45416,-0.136682,-0.0224381,-2.35067,0.143954,-0.334391,10.7692,0.257369,0.448568,-0.836767,0.563297,-0.0148963,18.957,-1.23938,-0.489358,-17.1028,-0.443796,-0.514072,-6.27159
0.0115191,0.143813,-0.65377,0.0419282,0.183503,1.9302,-0.0516825,0.148332,-3.13624,-0.0511471,0.048333,2.16876,-0.133795,-0.00796304,-2.57584,0.0645086,-0.236267,14.4354,0.43267,0.548281,4.70209,0.50126,0.225297,14.865,-0.737162,-0.691408,-11.9713,-0.676235,-0.481999,-14.2546
0.0102102,0.140175,-0.364873,0.0280517,0.186883,2.0372,-0.0612672,0.141915,-2.85854,-0.0333385,0.0458943,1.98693,-0.124804,0.00547137,-2.90132,0.00659898,-0.156217,14.3174,0.418726,0.593413,5.59489,0.557801,0.2466,13.3686,-0.347794,-0.739451,-6.69133,-0.671824,-0.445755,-17.554
0.00938657,0.13792,-0.0822705,0.0134955,0.187751,2.14905,-0.0702466,0.133095,-2.59285,-0.0180849,0.0477772,1.91615,-0.112181,0.0139246,3.00488,-0.0304602,-0.0878619,14.0128,0.379169,0.631238,5.54786,0.625782,0.194162,13.3881,-0.0461314,-0.737551,-0.808006,-0.637428,-0.372651,-20.0374
0.00859103,0.136834,0.195636,-0.0011285,0.18588,2.25674,-0.0785105,0.122539,-2.31862,-0.0051938,0.0545346,1.98219,-0.0968504,0.0145462,2.54878,-0.0489657,-0.022173,13.7416,0.327041,0.659769,5.13411,0.679042,0.0945022,13.8865,0.197274,-0.688159,7.22175,-0.812254,-0.298875,-26.1897
0.00757724,0.136571,0.44986,-0.0141647,0.181596,2.33898,-0.0860822,0.112113,-2.08097,0.00118369,0.06328,2.21199,-0.0789547,0.00346498,1.92031,-0.0513412,0.0257984,11.3756,0.218584,0.580892,3.25584,0.587076,-0.065007,8.75547,0.176849,-0.236993,11.5727,-0.870858,-0.508913,-31.5517
0.00617956,0.136948,0.656094,-0.0243218,0.176568,2.40097,-0.0917962,0.102762,-1.95347,0.000970813,0.0654224,2.35392,-0.0699003,-0.00512744,1.40074,-0.0445929,0.0732994,9.77044,0.16453,0.512361,3.06239,0.529535,-0.0467797,5.29968,0.0431662,0.0180336,4.13951,-0.229421,-0.291844,-22.798
0.0043361,0.137764,0.844928,-0.0330601,0.170953,2.46149,-0.095947,0.0932017,-1.8577,-3.46031e-05,0.0649031,2.38708,-0.0685282,-0.0079572,0.975015,-0.0321684,0.107997,9.23101,0.130474,0.488261,2.99588,0.515796,-0.0308626,4.48638,-0.00272233,0.0738601,-0.181035,-0.0705003,0.0268628,-20.6097
0.0020446,0.138839,1.02558,-0.0407062,0.164769,2.52086,-0.0988695,0.083424,-1.77368,-0.000920517,0.0632745,2.34059,-0.0727256,-0.00632457,0.561017,-0.0151339,0.136884,8.87616,0.101867,0.467961,2.95321,0.506203,-0.0130866,3.95182,-0.0516991,0.0991159,-4.13162,-0.171883,0.33307,-21.0591
-0.000701378,0.140066,1.19863,-0.0472784,0.158248,2.57968,-0.100559,0.0736242,-1.70427,-0.00144841,0.0603162,2.20714,-0.0818758,0.000890319,0.119225,0.00541138,0.159957,8.44016,0.0785135,0.439289,2.92318,0.488409,0.0119777,2.94242,-0.147755,0.126541,-8.9621,-0.480014,0.588033,-23.1413
-0.00381158,0.141327,1.36014,-0.0527063,0.151782,2.63528,-0.101202,0.0643285,-1.6696,-0.00168967,0.0544637,1.95851,-0.0942673,0.0166566,-0.375083,0.0270745,0.169066,7.73545,0.0569258,0.393351,2.5469,0.439518,0.0256765,0.42429,-0.363018,0.162963,-15.5596,-0.942067,0.74979,-25.9485
-0.00687465,0.142486,1.50844,-0.0567775,0.145602,2.66868,-0.102326,0.0565776,-1.70469,-0.00322093,0.0432286,1.57174,-0.103221,0.0431347,-0.895177,0.0452534,0.145619,7.34961,0.00491133,0.353569,0.617629,0.352351,-0.0639708,-3.40247,-0.677713,0.15649,-21.7672,-1.26833,0.814145,-24.7434
-0.00942749,0.14349,1.67106,-0.0591764,0.138485,2.6453,-0.106793,0.0505495,-1.77629,-0.00889706,0.0301447,1.14409,-0.0999303,0.0715325,-1.28481,0.0589298,0.114876,9.09012,-0.127201,0.391787,-2.61461,0.336842,-0.240956,-2.89746,-0.664189,0.0975983,-19.8505,-1.06318,0.789841,-14.3901
-0.0119776,0.144319,1.88436,-0.0595396,0.128896,2.56194,-0.114313,0.045231,-1.80552,-0.0170549,0.0219734,0.798879,-0.0887124,0.0917244,-1.46142,0.076266,0.122831,12.0735,-0.333896,0.426336,-5.41295,0.331099,-0.339339,-0.451097,-0.496867,0.0990275,-15.3964,-0.739765,0.741568,-4.95554
-0.0155241,0.144589,2.17117,-0.0567803,0.116341,2.41747,-0.123028,0.0414328,-1.80569,-0.0257743,0.0181584,0.519382,-0.0754087,0.104971,-1.49181,0.112452,0.190658,16.5225,-0.645652,0.35891,-8.95129,0.199569,-0.388879,-0.0749995,-0.425195,0.115386,-13.1282,-0.482769,0.753745,0.984575
-0.0219452,0.142398,2.54081,-0.0502097,0.101153,2.1999,-0.131065,0.0423112,-1.83061,-0.0344213,0.0166212,0.270177,-0.0611115,0.112994,-1.41352,0.21876,0.40721,18.253,-0.790106,0.151779,-11.373,-0.100979,-0.365215,-2.23931,-0.377268,0.0785407,-11.8449,-0.168982,0.793235,6.29856
-0.0311945,0.136357,2.83599,-0.0462379,0.0886734,2.00736,-0.136859,0.0463902,-1.87425,-0.0414278,0.0165081,0.0449529,-0.0459216,0.116407,-1.2437,0.355865,0.478862,12.1631,-0.523445,0.137717,-8.22873,-0.12825,-0.303604,-1.78972,-0.302679,0.0559773,-11.0495,0.169604,0.786138,10.0426
-0.0409733,0.128843,3.03731,-0.0461781,0.079115,1.86538,-0.14187,0.0500808,-1.89361,-0.0470358,0.018357,-0.183752,-0.0287638,0.116674,-1.00426,0.447219,0.439608,8.61983,-0.398797,0.185687,-6.3438,-0.0845941,-0.287789,-0.163928,-0.275557,0.107435,-12.0156,0.552807,0.750623,13.7454
-0.0507659,0.120899,-3.10315,-0.0488441,0.0709356,1.75523,-0.147148,0.0525962,-1.86235,-0.0513682,0.0238521,-0.452979,-0.0076036,0.113767,-0.67063,0.503426,0.377437,5.96468,-0.343572,0.257916,-4.68027,0.00756184,-0.286274,3.57565,-0.338806,0.299441,-14.9244,1.06176,0.541488,19.3171
-0.0605374,0.113446,-2.99743,-0.0533543,0.0639648,1.70121,-0.152505,0.0509601,-1.70221,-0.0533673,0.0378563,-0.776721,0.0167271,0.109178,-0.266896,0.534055,0.271375,5.48974,-0.274917,0.255813,-0.686824,0.265423,-0.19371,12.011,-0.717515,0.631024,-16.6042,1.13095,0.0906145,18.8158
-0.0703592,0.107166,-2.8359,-0.0553115,0.0594837,1.74142,-0.15386,0.0425043,-1.37446,-0.0557808,0.0620125,-1.11667,0.0340838,0.10588,0.00245961,0.557519,0.136605,11.238,-0.13477,-0.0227365,4.04563,0.53974,0.00885854,19.4002,-1.35175,0.365548,-17.408,0.498695,-0.190484,7.67318
-0.0797031,0.100435,-2.51564,-0.0504098,0.0599142,1.83474,-0.146947,0.0338249,-1.00104,-0.0627432,0.0877673,-1.42627,0.0362143,0.102169,-0.02745,0.579022,0.0581231,19.1376,0.079461,-0.373953,4.66386,0.481556,0.240115,16.5051,-1.1639,-0.263498,-12.8208,-0.239388,-0.161523,-7.72328
-0.0872134,0.0915315,-2.0841,-0.0436571,0.0669785,1.94645,-0.136684,0.0302901,-0.717915,-0.0709022,0.105608,-1.61408,0.0290042,0.101281,-0.255122,0.580825,-0.0382861,23.5842,0.40684,-0.44047,6.94002,0.457393,0.25936,12.827,-0.718038,-0.482515,-6.76098,-0.480547,-0.0604493,-13.4856
-0.0915129,0.0811275,-1.54675,-0.0415273,0.0823295,2.14594,-0.125439,0.0279343,-0.471409,-0.0800248,0.117027,-1.68589,0.0193136,0.105543,-0.560472,0.531975,-0.121997,30.0351,0.890085,-0.403863,12.9915,0.556286,0.144863,12.2586,-0.369327,-0.57699,-0.85772,-0.642858,0.00732781,-16.7552
-0.0898682,0.0714825,-0.856208,-0.0521001,0.104248,2.49303,-0.112504,0.0245526,-0.219679,-0.0907127,0.122149,-1.62017,0.00916539,0.117214,-0.952638,0.463379,-0.0621366,37.7776,1.40769,-0.233072,20.5577,0.686309,-0.057547,12.6749,-0.0417854,-0.582525,7.18907,-0.958023,0.0134191,-22.8236
-0.0815322,0.0679611,-0.133599,-0.0748721,0.117516,2.8722,-0.101487,0.0211223,-0.0367477,-0.0978129,0.121055,-1.36674,0.000112264,0.141319,-1.53484,0.489524,0.0633476,30.7071,1.04478,0.0788184,13.4407,0.273058,-0.145698,3.17702,0.130847,-0.0781028,15.8705,-1.42261,-0.320647,-32.9775
-0.0714996,0.0702023,0.277621,-0.0852031,0.118288,2.93794,-0.105428,0.0203545,-0.14149,-0.0913263,0.119355,-1.09076,-0.00262845,0.165536,-2.11194,0.524672,0.0215962,14.0254,0.166534,0.0626062,-3.06082,-0.475593,-0.0331239,-10.0953,0.337829,0.414799,11.857,-0.796605,-0.506331,-25.0683
-0.0615838,0.0737532,0.476154,-0.084502,0.118191,2.80105,-0.117902,0.0239342,-0.401408,-0.0788309,0.115985,-0.876499,-0.00198054,0.17997,-2.54783,0.522806,-0.0659801,7.52081,-0.148573,-0.0618046,-8.98564,-0.752362,0.0160735,-14.7826,0.638157,0.346335,10.2338,-0.305924,-0.418039,-19.37
-0.0517064,0.0774002,0.589135,-0.0794885,0.118971,2.59639,-0.131348,0.0334691,-0.725721,-0.0649803,0.108271,-0.664569,-0.00330826,0.186989,-2.8679,0.511817,-0.11827,4.24634,-0.233791,-0.221428,-10.7963,-0.871849,0.0659691,-17.0512,0.835748,0.0149212,11.1665,0.154035,-0.235381,-12.7601
-0.0421463,0.0814804,0.647747,-0.0723158,0.121353,2.39794,-0.140014,0.0477526,-1.0437,-0.0535869,0.0980552,-0.446729,-0.010385,0.188242,-3.04933,0.504001,-0.103669,2.2523,-0.171843,-0.366607,-8.7217,-0.777394,0.143236,-14.0483,0.599434,-0.234244,9.77293,0.444518,0.00708909,-7.3491
-0.0330929,0.0861723,0.691056,-0.0649605,0.124701,2.24747,-0.142927,0.062081,-1.28389,-0.0470144,0.0903797,-0.291936,-0.0182337,0.186149,3.0751,0.497389,-0.0983182,2.20403,-0.0927382,-0.388562,-6.83261,-0.693875,0.135039,-10.8243,0.325602,-0.251384,6.22086,0.345176,0.178746,-8.84747
-0.024246,0.09104,0.736872,-0.0578447,0.128069,2.11819,-0.143233,0.0760221,-1.49008,-0.0435585,0.0840854,-0.196415,-0.0240431,0.182163,2.87169,0.490074,-0.1154,2.33412,-0.043014,-0.388421,-6.26815,-0.696133,0.0842223,-10.1588,0.168492,-0.284505,3.74881,0.184942,0.298891,-11.1661
-0.0154622,0.0959087,0.782105,-0.0507009,0.13138,1.99634,-0.141782,0.0900986,-1.69756,-0.0425846,0.0774565,-0.13977,-0.0286531,0.176481,2.63221,0.482198,-0.136133,2.13326,0.00351114,-0.399432,-5.91318,-0.715951,0.0279662,-10.6281,0.0324762,-0.346461,2.21246,0.050862,0.391258,-12.4218
-0.00675246,0.100796,0.817696,-0.0432311,0.134991,1.8865,-0.138289,0.103943,-1.91667,-0.0442111,0.0700403,-0.105342,-0.0336964,0.169486,2.38241,0.475385,-0.147507,1.4022,0.0656991,-0.426251,-5.0376,-0.711189,-0.0135342,-11.185,-0.110176,-0.392364,1.41249,-0.0390831,0.464367,-12.3741
0.00180035,0.105789,0.832439,-0.0351784,0.139443,1.80248,-0.132507,0.116481,-2.14294,-0.0484322,0.0623376,-0.0809737,-0.0403436,0.16201,2.14392,0.471941,-0.142155,0.122031,0.146058,-0.46463,-3.41162,-0.672652,-0.0283721,-11.349,-0.243042,-0.394225,1.12418,-0.0965797,0.521955,-11.4655
0.0101087,0.110976,0.817963,-0.0263791,0.145161,1.75714,-0.124648,0.126635,-2.36795,-0.0547731,0.0550983,-0.0581856,-0.0489579,0.154929,1.92824,0.472777,-0.117338,-1.41898,0.226346,-0.508108,-1.2931,-0.620044,-0.0145075,-11.1288,-0.342661,-0.354519,1.19664,-0.137668,0.566106,-10.2063
0.0181053,0.11643,0.774518,-0.0168632,0.152168,1.75508,-0.11517,0.133843,-2.58665,-0.0624803,0.0488503,-0.031161,-0.0593647,0.148802,1.73791,0.475854,-0.0742885,-2.71783,0.278748,-0.549591,0.844318,-0.582655,0.0179569,-10.7774,-0.402524,-0.288802,1.50472,-0.174215,0.599049,-8.97216
0.0257447,0.122219,0.711494,-0.0069036,0.160089,1.79312,-0.104442,0.138039,-2.79899,-0.0708488,0.0438504,0.00378327,-0.0712271,0.14385,1.57033,0.477437,-0.0182635,-3.39738,0.288043,-0.579975,2.7228,-0.577676,0.0539379,-10.5073,-0.428233,-0.2081,1.96677,-0.210753,0.62402,-7.92454
0.0330087,0.128402,0.643397,0.00301285,0.168405,1.86574,-0.0926691,0.139337,-3.00741,-0.0792915,0.0402359,0.0497803,-0.0842675,0.140112,1.4213,0.474996,0.0419628,-3.28472,0.257705,-0.586487,4.34183,-0.607173,0.0803227,-10.3672,-0.421249,-0.116247,2.60678,-0.248939,0.64542,-7.10062
0.0399172,0.135,0.587464,0.0122046,0.176617,1.96865,-0.0799849,0.137873,3.06957,-0.0871807,0.0381323,0.11205,-0.0983622,0.137505,1.28536,0.469233,0.0944938,-2.24896,0.202434,-0.553445,5.77666,-0.663361,0.0839821,-10.2513,-0.371034,-0.0163471,3.60547,-0.29827,0.668215,-6.62378
0.0465455,0.141937,0.563541,0.0198364,0.184206,2.0973,-0.0666206,0.133955,2.86834,-0.0936073,0.0376649,0.202334,-0.113703,0.135625,1.15023,0.464378,0.122594,-0.191385,0.14006,-0.469083,6.88616,-0.720312,0.0458577,-9.81802,-0.253468,0.078958,5.44096,-0.401164,0.693837,-7.10444
0.0530721,0.14895,0.587334,0.0253649,0.190571,2.23864,-0.0531513,0.128642,2.68403,-0.0973278,0.0389292,0.346959,-0.131332,0.13297,0.977596,0.464996,0.106918,2.23714,0.0781726,-0.360594,7.01734,-0.718076,-0.0567772,-8.63981,-0.0602707,0.144497,9.02715,-0.692553,0.684537,-10.5715
0.0596902,0.155774,0.646113,0.0295858,0.195696,2.37572,-0.0397306,0.123618,2.51027,-0.0987516,0.0428927,0.582071,-0.153727,0.126425,0.684489,0.469299,0.0735268,3.34787,0.0248561,-0.309734,7.0288,-0.713445,-0.215981,-9.6368,0.114789,0.309982,13.8417,-1.23103,0.438138,-18.0987
0.0661113,0.162809,0.746135,0.032171,0.199525,2.5404,-0.0243918,0.117059,2.24994,-0.102203,0.0542456,0.886559,-0.179693,0.117454,0.2959,0.4737,0.0485566,7.25537,0.0227657,-0.118934,9.13934,-0.81978,-0.36917,-15.9609,0.521121,0.683646,16.1564,-1.28981,-0.0417282,-18.9945
0.0726995,0.169635,0.966607,0.0315514,0.198039,2.69983,-0.0112017,0.107639,1.88614,-0.106271,0.0766247,1.23372,-0.200643,0.109698,-0.003263,0.46425,-0.107655,13.7226,-0.0703562,0.236369,5.68618,-0.61066,-0.302079,-19.1899,1.22301,0.554274,18.2919,-0.722292,-0.391103,-10.3241
0.0806232,0.175552,1.27628,0.0327762,0.190066,2.71222,-0.00885429,0.0991433,1.50816,-0.108658,0.105403,1.61417,-0.208564,0.101067,-0.0546849,0.393257,-0.334636,16.5515,-0.389991,0.385385,-3.97365,-0.357113,0.145072,-18.026,1.45272,-0.00869394,19.1604,0.0540125,-0.460245,4.07836
0.089887,0.180998,1.6446,0.0400231,0.177311,2.52555,-0.0177582,0.095694,1.20329,-0.111081,0.131623,1.96491,-0.203414,0.0932236,0.149922,0.235061,-0.485969,20.8455,-0.888576,0.313363,-13.4427,-0.191637,0.518779,-12.5244,1.12572,-0.356606,15.7394,0.454393,-0.348697,13.731
0.0967025,0.185469,2.21347,0.0566775,0.155502,2.12989,-0.0280963,0.102461,1.05448,-0.115061,0.151828,2.23473,-0.193819,0.0902066,0.443407,0.0170972,-0.145145,36.1601,-1.77254,-0.294148,-25.8569,0.645343,0.575568,-1.1256,0.820761,-0.481711,11.4732,0.541477,-0.213281,14.1385
0.0920675,0.180933,2.77168,0.0739907,0.134315,1.66248,-0.0255893,0.125159,1.18739,-0.118329,0.162568,2.37681,-0.187567,0.0904142,0.698047,0.188461,0.491376,19.153,-0.782531,-0.469838,-20.0391,1.30103,0.140881,9.85239,0.248296,-0.240666,3.96965,0.255285,-0.12187,12.2291
0.0844669,0.171946,3.0113,0.0779706,0.122369,1.28176,-0.0178814,0.150872,1.41789,-0.116715,0.166103,2.39437,-0.184675,0.0927455,0.941523,0.326992,0.520975,6.35223,-0.515908,-0.0730881,-19.0633,1.36764,-0.261098,12.7589,-0.164951,-0.222221,-1.729,0.221612,-0.018257,12.3945
0.0765179,0.162964,2.98716,0.0688268,0.113559,0.888381,-0.00877834,0.176626,1.68928,-0.108077,0.164806,2.28549,-0.183606,0.0992668,1.2269,0.331773,0.464201,-7.31742,-0.752455,0.368784,-19.8107,1.11997,-0.625422,13.7175,-0.559519,-0.37614,-8.69256,0.479671,0.0856411,16.8035
0.0686805,0.156159,2.72977,0.0486665,0.110339,0.519509,-0.000978932,0.197146,1.96847,-0.0931753,0.158418,1.99084,-0.184482,0.117638,1.71088,0.23461,0.409383,-16.4333,-0.958846,0.603267,-16.2084,0.67925,-0.58377,15.3675,-0.870342,-0.564444,-22.5611,1.48778,-0.159556,34.4372
0.0616517,0.151804,2.45754,0.0300546,0.113053,0.338635,-0.0031654,0.207374,2.17306,-0.0855709,0.150723,1.64775,-0.185275,0.143035,2.30788,0.138561,0.391388,-11.5794,-0.70794,0.408483,-6.5858,0.407233,-0.0587903,5.59999,-0.102685,-0.127473,-8.73749,0.530899,-0.573528,20.3617
0.0542257,0.147264,2.23485,0.0148506,0.116449,0.215478,-0.00653083,0.214136,2.25309,-0.0841436,0.151079,1.54092,-0.184099,0.154065,2.6501,0.0527098,0.447847,-10.9445,-0.663719,0.346358,-5.90442,0.342278,-0.0904404,3.11271,0.0825711,-0.0481964,-3.38514,0.144398,-0.398478,15.5523
0.046172,0.142462,2.01731,0.00107405,0.120871,0.102285,-0.00913658,0.220349,2.30176,-0.0835899,0.15359,1.50518,-0.183375,0.160147,2.9473,-0.0394165,0.481485,-10.8612,-0.623203,0.31161,-5.46825,0.296948,-0.121475,1.95334,0.157895,-0.0122799,-0.611668,0.0159312,-0.218826,14.5575
0.0374604,0.137572,1.7994,-0.0112388,0.126241,-0.00251702,-0.0109871,0.226241,2.33068,-0.0834787,0.157357,1.51929,-0.183346,0.162505,-3.04305,-0.135774,0.494436,-10.9454,-0.57555,0.287298,-5.05542,0.25612,-0.147797,1.04149,0.21182,0.00845878,1.78468,0.00337821,-0.0342413,14.8491
0.0280621,0.132752,1.57861,-0.0219364,0.132361,-0.0992535,-0.0120273,0.231869,2.3408,-0.0838181,0.162255,1.58341,-0.18381,0.160994,-2.73485,-0.233304,0.487652,-11.1305,-0.519401,0.269258,-4.66393,0.214267,-0.171462,0.0309829,0.271241,0.020491,4.4433,0.0853883,0.151949,15.98
0.0179455,0.12817,1.35372,-0.0308811,0.138939,-0.188879,-0.0121052,0.23716,2.32603,-0.0849161,0.168614,1.7083,-0.183972,0.154907,-2.39612,-0.328483,0.462557,-11.3266,-0.455669,0.250793,-4.34882,0.163917,-0.190946,-1.48382,0.365178,0.0252208,7.87693,0.262042,0.332399,17.8012
0.00710355,0.12401,1.12812,-0.0380768,0.145428,-0.273246,-0.0110909,0.241718,2.26986,-0.0876351,0.177367,1.91512,-0.181766,0.143611,-2.01872,-0.415936,0.419021,-11.1239,-0.38937,0.208908,-4.08896,0.101564,-0.183599,-4.05594,0.539354,0.00399615,12.5083,0.50248,0.503713,19.5671
-0.00417555,0.120318,0.916181,-0.0438396,0.150761,-0.343439,-0.0101669,0.244921,2.1656,-0.0929927,0.188886,2.20607,-0.173484,0.129547,-1.64042,-0.484365,0.338603,-10.1564,-0.31516,0.126002,-2.72114,0.10921,-0.0761743,-5.52891,0.658477,-0.102899,15.4048,0.605131,0.649878,17.4354
-0.0152978,0.116833,0.71586,-0.0481112,0.15456,-0.370528,-0.0119004,0.247774,2.07543,-0.0994356,0.199425,2.49977,-0.159301,0.119324,-1.35124,-0.527356,0.233039,-10.0818,-0.217062,0.0879354,-0.264621,0.202669,0.0546468,-3.47749,0.524101,-0.176819,13.8331,0.536736,0.693841,12.0763
-0.0262567,0.113631,0.506645,-0.050519,0.15735,-0.352837,-0.0159629,0.25119,2.02931,-0.105634,0.206928,2.75664,-0.143185,0.114246,-1.15761,-0.550472,0.135139,-10.8712,-0.106881,0.0829868,1.76598,0.262723,0.134997,-1.44798,0.394154,-0.170115,12.1365,0.468062,0.693856,7.92091
-0.0372114,0.111113,0.274276,-0.0507539,0.159244,-0.297444,-0.0214461,0.254853,2.01611,-0.111694,0.211779,2.98723,-0.127069,0.112968,-1.03515,-0.555933,0.0508398,-12.3279,0.0233366,0.0754685,3.57153,0.281359,0.19485,-0.126657,0.326792,-0.132753,11.128,0.397946,0.690706,4.74545
-0.0481903,0.110057,0.0099302,-0.0486868,0.160055,-0.21007,-0.0278339,0.257857,2.0198,-0.117922,0.21445,-3.0793,-0.111697,0.114644,-0.97184,-0.546694,0.00186453,-13.7466,0.136837,0.03251,4.81223,0.236597,0.25235,0.265739,0.312924,-0.0993429,10.6411,0.298682,0.696373,1.85874
-0.0588712,0.111326,-0.253703,-0.0463217,0.159725,-0.121237,-0.0342277,0.258991,2.02063,-0.12428,0.21551,-2.87138,-0.0975856,0.119138,-0.96831,-0.531516,-0.023125,-12.2081,0.0751459,-0.0333424,3.79416,0.136417,0.274012,-0.158662,0.29681,-0.100879,10.1676,0.139481,0.713482,-1.19833
-0.0689213,0.114172,-0.467046,-0.0464087,0.158817,-0.0653382,-0.0398796,0.258604,2.01637,-0.130116,0.215506,-2.67265,-0.0849219,0.126301,-1.02268,-0.508375,-0.0782244,-9.49656,-0.0614611,-0.0588809,2.04757,0.0788115,0.261013,-0.16579,0.258713,-0.101463,9.81098,-0.0440062,0.728147,-3.88811
-0.0784416,0.117509,-0.634785,-0.0487913,0.157769,-0.037967,-0.0449955,0.257697,2.0177,-0.135174,0.214479,-2.4751,-0.0733511,0.135879,-1.1272,-0.476458,-0.139361,-7.59184,-0.158443,-0.0608295,0.899335,0.0619497,0.2481,0.317653,0.235568,-0.0835021,10.0404,-0.25131,0.730998,-6.33147
-0.0875602,0.120927,-0.771241,-0.0527089,0.15678,-0.0278701,-0.0499222,0.256741,2.0337,-0.139398,0.212086,-2.26332,-0.0624349,0.148238,-1.28477,-0.44001,-0.189655,-6.24535,-0.222396,-0.0531695,0.246544,0.0695425,0.24295,1.29412,0.24645,-0.0432581,11.2336,-0.525405,0.703418,-9.315
-0.0962954,0.124341,-0.883026,-0.0576622,0.156082,-0.0257354,-0.055089,0.256048,2.08119,-0.142344,0.207197,-2.00596,-0.0516645,0.16504,-1.52448,-0.403295,-0.220722,-5.02041,-0.266543,-0.0293296,0.0808479,0.115068,0.251078,3.63128,0.348767,0.0541793,14.8081,-0.978248,0.572259,-14.8711
-0.10447,0.127874,-0.957368,-0.063586,0.156658,-0.023909,-0.0611954,0.25663,2.22701,-0.140426,0.195617,-1.62144,-0.0405542,0.190555,-1.92803,-0.374932,-0.220768,-2.06546,-0.339081,0.0869583,-0.326972,0.260291,0.183524,11.0593,0.762222,0.409649,21.8987,-1.48471,-0.0403376,-22.1397
-0.112412,0.131294,-0.975196,-0.0710214,0.159344,-0.0469851,-0.0663246,0.259234,2.46894,-0.128631,0.181017,-1.26184,-0.0333661,0.211424,-2.21391,-0.358476,-0.234685,-0.65559,-0.383056,0.120097,-1.24422,0.279975,0.05412,12.2589,0.816505,0.480633,15.2719,-0.803726,-0.300169,-9.25247
-0.120197,0.134502,-0.998767,-0.078157,0.161569,-0.0595786,-0.0722026,0.261391,2.71816,-0.113292,0.170223,-0.988957,-0.0297463,0.225179,-2.33748,-0.339568,-0.23834,-1.79237,-0.339941,0.0610026,-0.0189692,0.337622,0.0632929,12.6679,0.81842,0.444467,12.6249,-0.531427,-0.335164,-4.29625
-0.127812,0.137506,-1.05506,-0.0843149,0.162165,-0.0461872,-0.0796979,0.262058,2.97415,-0.0963639,0.163457,-0.756338,-0.0277377,0.236192,-2.39538,-0.312591,-0.259328,-3.67534,-0.288091,-0.0291582,1.09024,0.390673,0.0769784,12.7706,0.77984,0.428328,10.8105,-0.406792,-0.329712,-1.98987
-0.135482,0.140198,-1.14655,-0.0899142,0.16078,-0.02468,-0.0874465,0.26075,-3.06294,-0.0795889,0.161059,-0.561693,-0.0263269,0.245694,-2.42095,-0.275035,-0.301763,-5.18491,-0.278715,-0.116741,0.834652,0.37229,0.0787578,11.7619,0.691694,0.417158,8.83784,-0.345278,-0.302823,-0.800496
-0.143396,0.142541,-1.25881,-0.09581,0.157888,-0.0216416,-0.0936461,0.257865,-2.84523,-0.0644413,0.162225,-0.405065,-0.0250335,0.254132,-2.42809,-0.228078,-0.348709,-5.84025,-0.308545,-0.174602,-0.494739,0.300675,0.0848419,10.1472,0.600224,0.395971,7.07521,-0.309281,-0.269539,-0.0230823
-0.151558,0.144604,-1.37652,-0.102499,0.154257,-0.0483882,-0.0976616,0.25414,-2.65886,-0.0512411,0.165568,-0.278105,-0.0237876,0.261725,-2.42097,-0.175919,-0.385734,-5.84166,-0.346519,-0.20545,-2.011,0.229447,0.103491,8.6946,0.534894,0.366356,5.83091,-0.281933,-0.238859,0.6614
-0.159876,0.146473,-1.48937,-0.110041,0.15054,-0.10323,-0.0997366,0.250007,-2.4971,-0.0396575,0.170067,-0.170845,-0.0226561,0.268611,-2.40039,-0.123602,-0.409373,-5.42643,-0.37529,-0.220374,-3.29683,0.183288,0.130576,7.65206,0.49403,0.334083,5.03319,-0.258493,-0.211847,1.32647
-0.168263,0.148202,-1.59066,-0.118273,0.147209,-0.180531,-0.100318,0.245584,-2.35195,-0.0293075,0.175174,-0.076313,-0.0216836,0.274883,-2.36686,-0.0755081,-0.421647,-4.72953,-0.390465,-0.226349,-4.29044,0.164931,0.15975,6.98234,0.467218,0.30272,4.50246,-0.238825,-0.186789,1.95515
-0.176665,0.149828,-1.6756,-0.126939,0.144598,-0.275016,-0.0997831,0.24084,-2.21703,-0.0199471,0.180622,0.00906874,-0.020854,0.280618,-2.32151,-0.0349302,-0.425955,-3.82043,-0.393359,-0.225988,-5.0515,0.170044,0.186153,6.58593,0.445314,0.273913,4.08574,-0.223889,-0.162024,2.5091
-0.18505,0.151376,-1.74034,-0.135767,0.14294,-0.382942,-0.0984017,0.235697,-2.08786,-0.0114743,0.186264,0.0863382,-0.0200974,0.285891,-2.26626,-0.00422059,-0.425358,-2.72982,-0.387697,-0.219354,-5.66332,0.193497,0.206363,6.37546,0.421896,0.248534,3.67659,-0.214584,-0.136618,2.95084
-0.193391,0.152869,-1.78131,-0.144495,0.142421,-0.502235,-0.0963564,0.230072,-1.96144,-0.00389013,0.191993,0.154836,-0.0193119,0.290797,-2.2037,0.0148451,-0.421848,-1.45934,-0.378769,-0.205427,-6.20836,0.231105,0.217685,6.29138,0.392606,0.227328,3.206,-0.211404,-0.110323,3.25106
-0.201647,0.154325,-1.79464,-0.152895,0.143226,-0.6325,-0.0937786,0.223881,-1.83562,0.00273542,0.197708,0.212819,-0.0183862,0.295452,-2.13687,0.0206623,-0.415826,0.0219234,-0.373809,-0.183196,-6.77474,0.280104,0.217518,6.30486,0.354239,0.211179,2.6302,-0.214375,-0.0834322,3.391
-0.209744,0.155758,-1.77525,-0.160785,0.145607,-0.775544,-0.0907746,0.217011,-1.70828,0.00828175,0.203305,0.257876,-0.017221,0.299999,-2.06916,0.0113869,-0.40572,1.80718,-0.384026,-0.152872,-7.49991,0.340777,0.202907,6.43849,0.30398,0.201544,1.92144,-0.223349,-0.0569447,3.3552
-0.217529,0.157176,-1.71442,-0.168044,0.15002,-0.937242,-0.0874512,0.209221,-1.57606,0.0125474,0.208694,0.286771,-0.0157382,0.304611,-2.00442,-0.0157054,-0.384742,4.18706,-0.430251,-0.116455,-8.66824,0.419916,0.166817,6.80226,0.234698,0.201261,1.0158,-0.239073,-0.0327224,3.10271
-0.224604,0.158594,-1.59103,-0.174614,0.157582,-1.13436,-0.083988,0.199854,-1.43071,0.0150324,0.213817,0.293115,-0.0138612,0.309552,-1.94871,-0.0650981,-0.325667,8.21033,-0.570484,-0.0825645,-11.1644,0.546273,0.080474,7.80952,0.115306,0.21967,-0.385542,-0.267711,-0.0160885,2.42633
-0.228956,0.160254,-1.36189,-0.180044,0.170624,-1.40123,-0.0814777,0.187499,-1.25604,0.0136095,0.218457,0.251381,-0.0112647,0.315314,-1.91557,-0.117952,-0.0567849,12.4443,-0.737364,-0.0858527,-13.746,0.618112,-0.177146,8.79391,-0.193337,0.249536,-3.91783,-0.317911,0.0241095,1.19955
-0.228834,0.162738,-1.21416,-0.18198,0.180195,-1.58804,-0.0819948,0.17847,-1.12592,0.00827156,0.221505,0.15904,-0.0075655,0.320243,-1.87068,-0.113123,0.069251,4.16478,-0.324454,-0.0529062,-6.54965,0.272254,-0.194716,5.04804,-0.252385,0.168212,-4.61091,-0.24326,0.112596,3.15769
-0.228544,0.165308,-1.16993,-0.182508,0.184818,-1.68405,-0.0831483,0.173517,-1.04418,0.00330312,0.223778,0.0725821,-0.00394873,0.323515,-1.79114,-0.115123,0.0515949,1.01062,-0.169613,-0.0365371,-3.69597,0.138607,-0.148717,3.45862,-0.22455,0.121031,-4.08679,-0.169043,0.141338,4.54882
-0.228834,0.167767,-1.1695,-0.182806,0.187298,-1.73914,-0.0842199,0.170543,-0.986214,-0.000825615,0.225728,-0.00405214,-0.000420402,0.325727,-1.68981,-0.122135,0.0206667,-0.677344,-0.0854763,-0.0302017,-2.07883,0.0686682,-0.105737,2.48898,-0.18801,0.0911897,-3.64014,-0.110776,0.164383,5.43749
-0.22976,0.170132,-1.19776,-0.183199,0.188354,-1.76663,-0.0851103,0.168896,-0.944885,-0.00406732,0.227479,-0.0728781,0.00321405,0.327214,-1.57413,-0.130754,-0.0139402,-1.99097,-0.0187815,-0.0285544,-0.825136,0.0224867,-0.0661171,1.73952,-0.148057,0.0734327,-3.29046,-0.0606776,0.185655,6.03684
-0.231322,0.172449,-1.25239,-0.183835,0.188101,-1.76975,-0.085808,0.168337,-0.917585,-0.00639439,0.229111,-0.13533,0.00709734,0.328197,-1.44859,-0.138637,-0.0513745,-3.36797,0.0512754,-0.0299317,0.40677,-0.0155523,-0.0276832,1.05761,-0.105564,0.0658751,-2.9874,-0.0145012,0.203584,6.45329
-0.233496,0.174783,-1.33902,-0.184833,0.186268,-1.74556,-0.0863562,0.16888,-0.904655,-0.00773504,0.230676,-0.191455,0.0112937,0.328849,-1.31628,-0.142911,-0.0910137,-5.2288,0.144858,-0.0367246,1.94312,-0.0603444,0.0123682,0.274359,-0.0582939,0.0667847,-2.64256,0.0285862,0.214624,6.73214
-0.236142,0.177224,-1.47572,-0.186368,0.181971,-1.6813,-0.0869776,0.170944,-0.91215,-0.00789547,0.232148,-0.238665,0.0157451,0.329314,-1.17981,-0.138577,-0.124232,-8.47198,0.30438,-0.0634346,4.50514,-0.149118,0.0560609,-1.05678,0.00101072,0.0709145,-2.07755,0.0656199,0.21049,6.88829
-0.23829,0.179851,-1.70972,-0.188771,0.172927,-1.53787,-0.0888255,0.176219,-0.965162,-0.00661142,0.233147,-0.271485,0.0202048,0.329485,-1.03792,-0.123749,-0.0680815,-14.6376,0.587533,-0.17107,9.7779,-0.42069,0.067712,-4.37416,0.0561533,0.0413699,-1.41536,0.113721,0.166914,7.51485
-0.23666,0.182069,-1.99597,-0.191111,0.161446,-1.32806,-0.094043,0.185481,-1.07351,-0.00615481,0.233185,-0.326141,0.0258842,0.327914,-0.853667,-0.152587,0.113529,-12.3531,0.435447,-0.198903,9.63726,-0.561342,-0.0594681,-5.23318,-0.0683114,-0.0177729,-4.33033,0.324086,0.168243,10.8269
-0.232488,0.18371,-2.19882,-0.192028,0.154332,-1.16598,-0.100111,0.193718,-1.15084,-0.00880026,0.234489,-0.457195,0.0353431,0.324219,-0.593517,-0.198821,0.140366,-8.71783,0.242011,-0.131665,6.92735,-0.452665,-0.124829,-2.43278,-0.240811,0.0378876,-8.48096,0.596502,0.120066,14.942
-0.227631,0.185339,-2.3455,-0.191899,0.150364,-1.05518,-0.1049,0.199671,-1.15363,-0.0134761,0.240188,-0.659435,0.0477909,0.319222,-0.276099,-0.236754,0.122884,-6.17772,0.13805,-0.0352975,4.64917,-0.321814,-0.0672559,1.25207,-0.425437,0.152825,-10.1406,0.603061,-0.0784213,14.6559
-0.222155,0.186875,-2.44864,-0.190215,0.148407,-0.960201,-0.108284,0.205742,-1.14156,-0.0173559,0.24736,-0.815478,0.0554495,0.315912,-0.0626613,-0.268603,0.131967,-4.52837,0.12805,0.0528973,5.08396,-0.383649,-0.0165704,-0.319709,-0.338455,0.0969558,-5.99859,0.257052,-0.107966,7.95176
-0.21596,0.188135,-2.52695,-0.187126,0.147285,-0.848301,-0.112111,0.213411,-1.17025,-0.0200257,0.252403,-0.905802,0.0586663,0.314109,0.0565661,-0.298305,0.139148,-3.3923,0.152193,0.112963,5.99178,-0.459763,-0.034275,-2.24589,-0.235957,0.0283857,-3.52986,0.0901836,-0.079804,4.65943
-0.209194,0.189263,-2.58011,-0.182572,0.14694,-0.720587,-0.116589,0.222081,-1.22921,-0.022367,0.25558,-0.960198,0.0595635,0.312915,0.12661,-0.325344,0.137829,-2.01915,0.196014,0.175854,6.66806,-0.496833,-0.07567,-3.40809,-0.170525,-0.0314803,-2.17616,-0.00595246,-0.0563309,2.65756
-0.202013,0.190482,-2.60427,-0.176422,0.147527,-0.582346,-0.121423,0.231045,-1.30316,-0.0249834,0.25749,-0.995189,0.0589028,0.311925,0.16232,-0.34867,0.130844,-0.55005,0.257778,0.23199,7.07679,-0.491109,-0.122646,-3.8409,-0.139161,-0.0844352,-1.47373,-0.0740283,-0.0414312,1.12137
-0.194533,0.191985,-2.60044,-0.168777,0.14913,-0.438097,-0.126355,0.239686,-1.37969,-0.0281756,0.25868,-1.02069,0.0570711,0.310958,0.1704,-0.368419,0.124007,0.768215,0.329802,0.26855,7.30753,-0.453082,-0.166127,-3.76042,-0.130495,-0.128468,-1.14812,-0.125131,-0.033051,-0.14943
-0.186818,0.193883,-2.57259,-0.159879,0.151761,-0.289917,-0.131291,0.247588,-1.45125,-0.0320051,0.259514,-1.04178,0.0543251,0.309983,0.155154,-0.385236,0.122324,1.87692,0.405578,0.282823,7.49443,-0.396341,-0.202843,-3.40287,-0.132177,-0.163757,-0.988784,-0.164607,-0.0288086,-1.24131
