0.0,0.0,-2.01554111177122,-0.06897741516397121,0.029420584526389897,2.821864181841525,-0.11681690861264904,0.06370374959147809,-1.578265468419205,-0.06770593998980409,0.10654051460191444,0.14373117699724444,0.02574882009554999,0.12318223263489171,-0.49618168653574235
0.0,0.0,-2.01554111177122,-0.06897741516397121,0.029420584526389897,2.821864181841525,-0.11681690861264904,0.06370374959147809,-1.578265468419205,-0.06770593998980409,0.10654051460191444,0.14373117699724444,0.02574882009554999,0.12318223263489171,-0.49618168653574235
1.6699475157852626e-05,-2.1487922241019093e-05,-2.015802429081452,-0.06897949631588927,0.029414591256849483,2.8223090458783195,-0.11682140374970916,0.0637189077549829,-1.5781740148602648,-0.06770754621355052,0.1065440833125326,0.14396607102289796,0.025740306534610485,0.12318382472494979,-0.496401092398591
5.034180331280089e-05,-6.658229445281321e-05,-2.0162198620594505,-0.06897829906638407,0.029401730824282855,2.823177253476137,-0.11683216987437474,0.06374728178147097,-1.5781411207258482,-0.06771868813773496,0.10655854604585051,0.14424745569785444,0.025727387901701967,0.12318391402389409,-0.49639085626042984
9.897100325217372e-05,-0.00013398873104430032,-2.016668150891506,-0.06896873793759715,0.02938194217806934,2.824383234834042,-0.11685041690705311,0.06378470584641119,-1.5783204326980476,-0.0677466872649734,0.10659048929502518,0.14435687620199908,0.025715467485592586,0.12317927814891953,-0.495682139538297
0.00016080882456769887,-0.0002224391173902117,-2.0170352755306715,-0.06894626251038366,0.02935520124896101,2.825848577543389,-0.11687721493838686,0.06382738725687927,-1.5788498736965009,-0.06779808771449675,0.10664583211414719,0.14409682431149304,0.02570938065898934,0.12316696474330291,-0.49385221738823903
0.0002342853747312425,-0.000330809437789773,-2.0172205487687904,-0.06890676749790438,0.029321496176289923,2.8275032298245093,-0.11691349035484047,0.06387191717648857,-1.5798528115201813,-0.06787871432060807,0.10672997648817296,0.14328761547047594,0.025713326671434528,0.12314423162207841,-0.49051803779161335
0.0003180281473705461,-0.00045810797903130874,-2.017134335277586,-0.06884658505227013,0.029280813718422574,2.8292850114000805,-0.11696000156639705,0.0639152093587034,-1.581437789274913,-0.06799364563999429,0.10684792398863643,0.1417634443518706,0.025730819387298307,0.12310849594508833,-0.4853302825385701
0.00041085074223417905,-0.0006034612866907689,-2.0166979520610706,-0.06876248107865421,0.02923312157389455,2.831139110190836,-0.11701730583863573,0.06395443377733533,-1.5836980653063921,-0.06814717579210276,0.1070044060332232,0.1393680588713542,0.025764622469298157,0.12305727828052773,-0.47796678797443065
0.0005117413223006005,-0.0007660985743865177,-2.015843726641695,-0.06865165598954248,0.029178347390015055,2.8330175595262017,-0.11708571618736552,0.06398694859412528,-1.586710919723388,-0.0683427631396642,0.10720402149723932,0.1359503038838967,0.02581666599336803,0.1229881439684214,-0.4681256243400158
0.0006198508064393194,-0.0009453350368022574,-2.014515213715898,-0.06851175118283397,0.029116354606118243,2.834878685145832,-0.11716524524576566,0.06401023308675863,-1.590536631352759,-0.06858296084221545,0.10745137780604522,0.13135972325117817,0.025887937397367736,0.12289864312570115,-0.4555180272638885
0.0007344808103232705,-0.0011405544299819478,-2.0126675955695053,-0.06834086347376307,0.029046914888315477,2.8366865133521157,-0.11725553096828001,0.06402182413186469,-1.5952169700816128,-0.06886932102956772,0.10775123253100741,0.1254423934567466,0.02597833531180946,0.12278625014199517,-0.4398613477808334
0.0008550086372387479,-0.0013509971989671998,-2.0102704123005246,-0.06813768933825629,0.028969701560768932,2.8384075264844504,-0.1173557241208431,0.06401916248189357,-1.6007711355785361,-0.06920215423753195,0.10810854722471328,0.11803699965538864,0.02608653216691101,0.12264833157621863,-0.42087448675408073
0.0009806711084015304,-0.0015751049154306125,-2.007315415116258,-0.06790195580312218,0.02888433228175057,2.8400013181801893,-0.11746431832547582,0.0639992250034913,-1.6071866004262323,-0.06958000414252288,0.10852834586418597,0.10897106817425453,0.026209921403164874,0.12248218065305784,-0.3982785716731255
0.0011107472998208392,-0.001811095493119417,-2.0038115859886987,-0.06763412418657572,0.028790252237484038,2.841427801994847,-0.11757901852102308,0.06395879895965084,-1.6144202894312412,-0.06999972746824737,0.10901607347758634,0.09806021459403583,0.02634408159367861,0.12228488819062029,-0.3717853975989768
0.0012445792733957334,-0.002057040413001026,-1.9997861938598493,-0.06733543250263781,0.02868668521060614,2.8426479613111937,-0.11769651656632413,0.06389455094346178,-1.6223930768543011,-0.07045619123407885,0.10957766712769312,0.08510957259098723,0.0264822652586265,0.12205330828054192,-0.34109550296030494
0.0013815744637816585,-0.0023108870919061586,-1.9952872333272627,-0.0670080184945188,0.028572608611969866,2.8436243852894267,-0.11781220137058285,0.06380314940492676,-1.6309813771530937,-0.07094180909501177,0.11021945132993138,0.06992034579443031,0.02661476209161226,0.1217840868127257,-0.3059048049754263
0.0015212177901479285,-0.0025705151797754096,-1.9903863347788833,-0.06665508040404157,0.028446768542114195,2.844323356820795,-0.11791982730565947,0.06368154640192315,-1.6400066009197862,-0.07144596045309526,0.11094775200763968,0.052305659830013944,0.02672813788588954,0.12147379618571841,-0.2659258599928346
0.0016631007813030499,-0.002833852780295716,-1.9851814957684228,-0.06628105599895111,0.028307780204605115,2.8447197038035275,-0.11801121719067194,0.0635275174247722,-1.6492240027458736,-0.07195437508649438,0.11176801500651865,0.032121697858259274,0.026804490682860532,0.12111926253778685,-0.22093411162281973
0.0018069759180937774,-0.0030990816871200953,-1.9797979231590463,-0.06589175167283531,0.02815437839608885,2.844805709463644,-0.1180761891857271,0.06334055280220145,-1.6583156829158225,-0.07244874437706494,0.11268318115765036,0.009320192938498683,0.026821112248118978,0.120718191797439,-0.1708502393846464
0.0019528377085100853,-0.003364936370975277,-1.9743837511491868,-0.06549427068460537,0.02798587081131411,2.844604109094726,-0.11810304962402765,0.06312306591806138,-1.6668976588941833,-0.07290710617206553,0.11369124943208937,-0.015978530393937748,0.02675130348822613,0.12027014193926978,-0.1158590277756969
0.0021010093308933505,-0.003631019514726056,-1.9690967285877903,-0.06509652113698444,0.027802743200202238,2.8441812237512183,-0.11808003718139885,0.06288152764272105,-1.6745544574857198,-0.0733057504609621,0.11478260589558287,-0.04341324802138475,0.02656726580173388,0.119777645576362,-0.056531286715432026
0.0022521795383493915,-0.0038979344834910797,-1.964081249059992,-0.06470618335581262,0.027607149480174537,2.8436506499356833,-0.11799771806474213,0.06262667284816668,-1.680906743039944,-0.07362296235818773,0.1159387108510383,-0.07235991851824651,0.026245255306217366,0.11924687676901664,0.006133509564911698
0.002407329407102555,-0.004167019904279645,-1.9594436257881622,-0.06432941092625653,0.02740287679086946,2.8431578449673944,-0.11785143275315749,0.062371989009339227,-1.6856915188771815,-0.0738434849678947,0.11713396953328008,-0.10200963133879776,0.025771224439298746,0.11868710989511888,0.07082920554959858
0.0025675561316241533,-0.004439720490394252,-1.9552397111559792,-0.06396994577220957,0.02719462969826486,2.842848385560286,-0.11764233187886163,0.06213083085933586,-1.6888109688614446,-0.07396127240201064,0.11834072004154952,-0.13153237352257466,0.02514371483324665,0.11810889924465857,0.136210652195521
0.0027338893732832973,-0.004716947125867662,-1.9514820349738662,-0.06362914958488998,0.026987016463379532,2.8428374251957664,-0.11737637230352783,0.06191374426177507,-1.6903215691301827,-0.07397894233922084,0.11953463566360928,-0.16023729860540126,0.02437230433476892,0.11752196079459276,0.20115989085779942
0.002907193325029058,-0.004998762310286153,-1.9481591783678,-0.06330676655245643,0.026783805350714403,2.843195861691631,-0.11706214539807486,0.06172731556965606,-1.6903796688857164,-0.07390480020318452,0.1206977445665851,-0.18764947637211835,0.023473204979477136,0.11693387285287611,0.26491536385221354
0.0030881652559801172,-0.005284420929473331,-1.9452547758234375,-0.06300183878921285,0.026587675052514442,2.8439535642473595,-0.11670885696089515,0.0615745117731613,-1.6891815027295933,-0.07374952867425999,0.1218186099507421,-0.21349957416876647,0.02246485549758108,0.11634985904263027,0.3270558381669037
0.0032773845947623994,-0.005572591346940351,-1.9427593978285393,-0.06271337419349925,0.026400317009329214,2.8451106592083413,-0.1163250991792532,0.061455694435053485,-1.6869214255592044,-0.0735238672133879,0.12289093966237505,-0.23767111591268777,0.02136505780481336,0.11577322010663196,0.3874128224234871
0.0034753690372615336,-0.005861595807513412,-1.9406754000756208,-0.062440693478441486,0.026222667517766366,2.8466491421845506,-0.11591835297623651,0.061369634086190394,-1.683771121095713,-0.07323744448244587,0.12391190491993932,-0.2601445946813833,0.02018967218768547,0.11520592826906263,0.44597732336245977
0.0036826180494063864,-0.006149599667446629,-1.9390173985653731,-0.06218354681375169,0.026055134201125468,2.848541665231852,-0.11549492450514189,0.06131426158611469,-1.6798730663082249,-0.0728983986024854,0.12488077754431834,-0.2809549589262847,0.018952297273422028,0.11464913342870937,0.5028288576995055
0.003899640833778559,-0.0064347407242444435,-1.9378107271995773,-0.06194210596698105,0.02589777039652489,2.850757292188989,-0.11506007181120953,0.061287147567911544,-1.6753413119748102,-0.07251340405415144,0.1257979999716727,-0.300164022602315,0.017664417655920056,0.11410352028096163,0.558089434782302
0.004126972058133936,-0.0067152122107483475,-1.9370892588583033,-0.0617169029859673,0.02575039574929449,2.8532650001558606,-0.11461818532309995,0.0612857828442876,-1.6702651708505194,-0.07208786198312554,0.12666460700138743,-0.3178441595699988,0.016335713326750143,0.11356953668282355,0.6118964341142162
0.004365179417087236,-0.006989315159033213,-1.9368932322268078,-0.06150875301306692,0.025612675044551662,2.856035740730383,-0.11417296207917262,0.06130773299819597,-1.664713589047861,-0.07162613066658101,0.12748188699219054,-0.3340693003067142,0.014974386845777427,0.11304753094702186,0.6643876976996922
0.004614866181838016,-0.007255491974091443,-1.9372673233823685,-0.06131867812987253,0.02548416794795736,2.8590436508315236,-0.11372755342331976,0.06135071948239751,-1.6587392611114566,-0.07113174373482586,0.12825119310185984,-0.34891029042049604,0.013587453220667872,0.11253783014674348,0.7156939022664738
0.004876670841358696,-0.0075123489036306185,-1.938259017234514,-0.06114783852356848,0.02536435937205756,2.862266784887127,-0.11328468325576724,0.06141265995257985,-1.652382180737687,-0.07060759866340498,0.12897384465062744,-0.3624327312648404,0.012180978570634743,0.11204078175813209,0.7659350606037589
0.005151265182929655,-0.007758672059215727,-1.939917263751319,-0.06099747247932782,0.025252677118362963,2.865687586962149,-0.11284674019963775,0.061491686988345715,-1.645672591250365,-0.07005611317609506,0.12965108140650194,-0.37469618113527553,0.010760269974574993,0.11155677291690058,0.8152192769152694
0.005439351672836044,-0.007993439719486175,-1.9422913840459852,-0.06086884480040691,0.02514850113950705,2.869293226088466,-0.11241584855029566,0.061586155995129635,-1.6386333999692841,-0.0694793528064872,0.13028404853979508,-0.38575407226022035,0.009330023999443868,0.11108623606654686,0.863642682691495
0.005741660673784791,-0.008215832508160744,-1.9454301904098887,-0.06076320264052627,0.025051167219887073,2.873075862045328,-0.11199392258176517,0.06169464820958799,-1.6312821460079814,-0.06887913431762026,0.13087379917861863,-0.39565398123478823,0.007894441945032568,0.11062964630241053,0.9112899540610183
0.006058947872691517,-0.008425242366073742,-1.9493812915909399,-0.06068173769292858,0.024959966871383,2.877032877043878,-0.11158270798341616,0.061815971972536084,-1.6236326068071762,-0.06825710949002782,0.13142130696067153,-0.4044380529548947,0.006457318804809278,0.11018751360056511,0.9582350842536533
0.006391992193198842,-0.00862128084985236,-1.9541905627429546,-0.06062555382740546,0.024874144604496152,2.881167091205725,-0.1111838133616197,0.061949163904439594,-1.615696115403288,-0.06761483307614632,0.131927484173943,-0.4121434697991706,0.0050221115539371974,0.10976037185444229,1.0045422389173342
0.0067415944090919435,-0.008803787064825739,-1.959901766933085,-0.060595639457949255,0.024792893325959044,2.885486970448958,-0.11079873402448719,0.062093490788022454,-1.6074826460907292,-0.06695381793424149,0.13239320293403578,-0.41880290884438043,0.0035919910852691694,0.10934876589094822,1.050266608272496
0.0071085766399586366,-0.008972835404741208,-1.9665563214610915,-0.060592844101670346,0.02471534834122707,2.8900068309828058,-0.11042886970082512,0.06224845252636996,-1.5990017136424959,-0.06627557966003608,0.13281931791457918,-0.4244449578038671,0.0021698810507186916,0.10895323719533875,1.0954552179567134
0.007493782554745704,-0.009128737393782494,-1.9741933091138957,-0.06061786286683755,0.02464058059531585,2.894746971972419,-0.11007553762218619,0.06241378328864515,-1.5902630603057364,-0.06558167029128967,0.1332066882126725,-0.4290945068191613,0.0007584885255026708,0.10857430915704147,1.1401476653945823
0.007898077145069172,-0.009272019623043807,-1.9828500395164024,-0.060671241093699355,0.024567590411582126,2.899733522144751,-0.10973998233049165,0.06258944136275997,-1.5812769673738272,-0.06487369563594027,0.13355619307087252,-0.4327732171380637,-0.0006396642400225416,0.10821247317721415,1.1843767220615011
0.008322346520877369,-0.009403393163987887,-1.9925628658742085,-0.06075338713144878,0.0244953008794297,2.904998207754413,-0.1094233820293598,0.06277559579611122,-1.5720543753142542,-0.06415332319005597,0.133868745281968,-0.43549999709644355,-0.0020222126506932656,0.10786817487145114,1.2281688694804713
0.008767497916302013,-0.009523722068554528,-2.0033681167299933,-0.06086458711079496,0.024422550340238727,2.9105781515899274,-0.10912685173772652,0.06297261406138613,-1.5626069174589188,-0.06342228457248786,0.13414530399931163,-0.43729144032522543,-0.0033869293134191902,0.10754180005729645,1.2715448005371919
0.009234459720222367,-0.009633991423622708,-2.015303136056605,-0.06100502076521726,0.02434808370635167,2.9165157251578484,-0.10885144367402219,0.06318105132083918,-1.5529468962129114,-0.06268237353648004,0.13438688687183709,-0.4381622152266196,-0.004731709555615048,0.10723366060311086,1.3145198943333236
0.00972418126583987,-0.009735274711598133,-2.0284074420293785,-0.06117477784401266,0.024270542251611998,2.922858470236376,-0.10859814517453992,0.06340164154996124,-1.5430872216147082,-0.06193544019862618,0.13459458133410668,-0.4381253979970431,-0.00605456213238785,0.10694398022538308,1.3571046744330686
0.010237632050970292,-0.009828700138966225,-2.0427240214686164,-0.061373874672171105,0.024188451363698606,2.9296591087053625,-0.10836787431358647,0.06363529081965835,-1.5330413305119872,-0.06118338198791926,0.13476955493183584,-0.43719274061984825,-0.007353604529586576,0.10667288031700933,1.3993052632225997
0.01077579997643394,-0.009915415482791828,-2.0583007852559763,-0.061602270402959944,0.024100205578191532,2.9369756632560615,-0.10816147326368764,0.06388307310131652,-1.5228231040617757,-0.06042813171881904,0.1349130645928976,-0.43537486347734783,-0.008627062408687491,0.10642036588576544,1.441123847133001
0.011339688073850236,-0.009996550868096647,-2.0751922206814446,-0.06185988246960303,0.024004050016919642,2.9448717169823477,-0.10797969930488524,0.06414622908522447,-1.5124468019744965,-0.05967164312916795,0.13502646477387426,-0.4326813589374601,-0.009873272833470018,0.10618631163541403,1.4825591692036728
0.011930309016916617,-0.010073178681291478,-2.093461291067204,-0.06214660067310385,0.02389805706065648,2.953416846116869,-0.10782321320893876,0.06442616858291615,-1.5019270334645338,-0.05891587418279809,0.1351112144410651,-0.42912079014632376,-0.01109069100339461,0.10597044825616396,1.5236070666677954
0.012548676450362383,-0.010146269549434638,-2.1131816522098767,-0.062462299214845696,0.023780096712947292,2.962687269377512,-0.10769256450157684,0.06472447723836067,-1.4912787883363823,-0.05816276843469188,0.13516888288715156,-0.4247005655934216,-0.012277900266568817,0.10577234896824493,1.564261072051383
0.01319579177756333,-0.010216642927179595,-2.134440281371227,-0.06280684576806582,0.02364779860129128,2.9727667702155154,-0.10758817279746127,0.06504292848501791,-1.480517557497158,-0.05741423478847794,0.1352011544577434,-0.41942666532689266,-0.013433625217520132,0.10559141630591513,1.6045130967659065
0.013872624442085727,-0.010284910273357576,-2.157340650734435,-0.06318010633179554,0.023498502844978883,2.983747966041829,-0.10751030395196068,0.06538350196048506,-1.4696595815016347,-0.056672126046282564,0.13520983238479214,-0.41330318894642126,-0.014556747713531215,0.1054268690414348,1.6443542161589135
0.014580082792383235,-0.01035140798341674,-2.1820066276776315,-0.063581944036813,0.023329196006178946,2.9957340234790304,-0.1074590391020907,0.06574840996076049,-1.4587222804294713,-0.055938216771655766,0.1351968421205409,-0.4063316879220371,-0.015646325677666127,0.10527772900111688,1.6837755742614864
0.015318971116644164,-0.010416116039942178,-2.2085873550263777,-0.06401220912568452,0.02313642689784961,3.008840953855492,-0.10743423364408226,0.06614013401588842,-1.4477249416098752,-0.05521418117907381,0.13516423487061363,-0.39851023445279793,-0.01670161461382743,0.10514280728927926,1.7227694246503973
0.016089926005650727,-0.010478556544126437,-2.2372634642394256,-0.06447071574451116,0.022916194954347907,3.0232006726372247,-0.10743546159776587,0.06656147433750215,-1.4366897787744513,-0.05450157207075152,0.1351141924872868,-0.38983216463983733,-0.01772209186459437,0.10502068906761938,1.7613303201554418
0.016893321194941587,-0.010537663571333357,-2.2682551147315246,-0.06495719848915218,0.02266380090561057,3.0389650754891737,-0.10746193826602572,0.06701561576033446,-1.4256435363127602,-0.05380180234694988,0.1350490355757596,-0.3802844133786454,-0.018707483835405686,0.10490971547166286,1.7994564569473293
0.01772912328775916,-0.010591611646857539,-2.3018325466154383,-0.06547123697455448,0.02237364527949222,3.0563114775535056,-0.10751240996677175,0.06750621486362475,-1.4146199114948823,-0.053116131486898664,0.13497123769234487,-0.36984532997875674,-0.019657796751445654,0.10480796038199126,1.8371511642212575
0.018596669137293177,-0.01063758379453811,-2.3383300914691363,-0.06601212841359567,0.022038954422227905,3.0754498829372126,-0.10758499276512529,0.06803751404657722,-1.403663234329529,-0.052445660972835303,0.13488345002188679,-0.3584818258070577,-0.020573352109458203,0.10471319845386184,1.874424501103397
0.019494315221999837,-0.010671450493599839,-2.3781648903966244,-0.06657867319355387,0.021651406213764088,3.0966326830760287,-0.10767693057416769,0.06861448880277661,-1.392834130107715,-0.05179134560845446,0.13478854309525523,-0.3461456615560039,-0.021454829009325407,0.10462285882933818,1.911294858931431
0.020418873425928255,-0.01068732163197407,-2.421861817787501,-0.06716881032477644,0.02120061752492637,3.1201675087083136,-0.10778422438038524,0.06924303302641507,-1.3822184135627873,-0.05115403674448818,0.1346896779405391,-0.33276869154757965,-0.022303314027090064,0.10453395798303386,1.9477901732316287
0.021364683668992728,-0.01067692447510074,-2.470085981440561,-0.06777898811209648,0.02067344754670293,-3.13675143826866,-0.1079010533421367,0.06993017843571386,-1.371941375595823,-0.05053459192797259,0.13459042992264253,-0.3182570443076943,-0.023120354721404005,0.1044430045557636,1.9839476711186643
0.02232205208304043,-0.010628715211792582,-2.5236822633103952,-0.06840306217161049,0.02005310877859831,-3.107282647594369,-0.1080188471832209,0.07068430625397376,-1.3621908924581236,-0.0499340908852755,0.13449497560994667,-0.3024843814919273,-0.02390803631541999,0.10434585307810865,2.0198111963228578
0.02327458611476363,-0.010526656795921772,-2.5837136449438916,-0.06903033890863483,0.019318200161038367,-3.0740321140312723,-0.10812479350378179,0.07151521054589209,-1.3532549899499038,-0.04935425164513571,0.1344083460358566,-0.2852857441704289,-0.024669104966748984,0.10423748968390856,2.0554233240161914
0.024194709330027923,-0.010348776414992954,-2.6514659619397776,-0.06964213061561189,0.01844220171685986,-3.0363164029455114,-0.108199515714458,0.07243360303044717,-1.3455813964844645,-0.04879823853103629,0.13433670292439823,-0.2664577631474109,-0.025407164294049593,0.1041117677188128,2.090805604452695
0.025036708323717866,-0.010066316143389032,-2.728322618544773,-0.0702060942801651,0.017395180429764286,-2.9934274151645623,-0.10821390969656647,0.07344901312600345,-1.3398618541002547,-0.04827218147194607,0.13428741919912734,-0.24578230144293658,-0.02612696061254183,0.1039612434505955,2.125913472508729
0.02572872278824623,-0.009646244967441405,-2.8152914591339337,-0.07066895714976938,0.016151957258409275,-2.944904465095373,-0.10812661379242791,0.07456403932815717,-1.3371091719955734,-0.047787636808768096,0.13426829396012785,-0.22311235723271877,-0.026834672022076792,0.1037776336835855,2.160547468859748
0.02617286018533401,-0.009062618563814072,-2.9119522731578362,-0.0709542509306568,0.01471213165253968,-2.891114061199732,-0.10788767928953939,0.07576356382429499,-1.3385898512532082,-0.04736386837891911,0.13428469535182033,-0.1985638789152654,-0.02753776030034393,0.10355393422332837,2.1942329515001426
0.026272109644172734,-0.008317533572517044,-3.015345643960862,-0.07098064258306544,0.013124434854190735,-2.833829708553143,-0.10745630111116278,0.07700599879757015,-1.3453920312967849,-0.04702530900479938,0.13433476051069929,-0.17272903165749773,-0.02824345998010115,0.10328835144615747,2.2262038937769
0.025980016032717507,-0.0074512255913087916,-3.1206103121258613,-0.0707014673990287,0.01148108671002459,-2.7758258872445105,-0.10682414476035432,0.07823438113378181,-1.3577930604390924,-0.046790581720805545,0.13440764552448248,-0.14658927490831536,-0.028956000558944345,0.10298627509526576,2.2556806111672616
0.02531906803326564,-0.006521233265363179,3.059664465417925,-0.07012406053854234,0.009872329235590746,-2.719458916047971,-0.10601594025000105,0.07940404303825452,-1.3751717727872057,-0.04666296401067694,0.1344889506148832,-0.1210672268824428,-0.02967548132180698,0.10265665064678448,2.282243615615958
0.024348487985932553,-0.005575012299697799,2.96120082364078,-0.06928820599342311,0.008353437069863433,-2.665866548550457,-0.10506793734841785,0.08049551463549029,-1.39655014401815,-0.04663335002080381,0.1345670100233024,-0.09672314582165839,-0.030399803507602418,0.10230716066236177,2.305887828915004
0.023128946767098688,-0.0046422122504554495,2.867600036707509,-0.06823836616078849,0.006947833558735244,-2.6152456031022306,-0.10401163009025183,0.0815072250986783,-1.4210546358874443,-0.04668858676788665,0.13463426965659456,-0.07379821308885587,-0.031126874176445066,0.10194282436024418,2.326833846400081
0.02170905202012826,-0.0037394637652447267,2.778503310202875,-0.06701162030220525,0.00566187608289849,-2.567360033578083,-0.10286998563516633,0.08244519170030508,-1.4480462243918344,-0.04681641178265128,0.134685900667318,-0.05236244306822222,-0.031855386938633976,0.10156673888185777,2.345366458286521
0.02012493172991958,-0.0028761179023682475,2.6933244020195057,-0.06563626049170325,0.004495108286935515,-2.521844636536937,-0.10165901880363658,0.08331724790987498,-1.4770895723118174,-0.0470068024448956,0.1347183943457626,-0.032415871600286195,-0.03258473347163277,0.10118098585324878,2.3617629194382683
0.018403235848200937,-0.002057833132938873,2.6114785564284926,-0.0641336194660862,0.003445125488958552,-2.4783301280700383,-0.10039000164364799,0.08413079068653925,-1.5078947778160265,-0.04725185397107195,0.13472875674783125,-0.01393742268749024,-0.03331471869302713,0.1007871870181507,2.376271876229613
0.016564015034819822,-0.0012884580708323924,2.5324571426133673,-0.06252012055310452,0.002509518025649373,-2.436481880873349,-0.09907109983565913,0.08489213513720738,-1.5402714096751013,-0.0475453303564207,0.13471412722471354,0.0030943140789113583,-0.03404531782358524,0.10038678545957218,2.3891109059378164
0.014622817620300044,-0.0005709717578628333,2.455842734266333,-0.060808862706743405,0.0016865396434638785,-2.3960048053814784,-0.09770842083162042,0.08560645774367871,-1.5740982644127708,-0.0478822524035312,0.134671614255519,0.01869250691067628,-0.03477650694768409,0.09998117796072291,2.4004689472688376
0.012592112229672632,9.205126013657389e-05,2.381305131116278,-0.05901074311015757,0.000975270989413332,-2.356636423850076,-0.0963066542988879,0.08627791378350774,-1.609304860882528,-0.04825859432468037,0.13459822967648238,0.032858232482317284,-0.03550814818089082,0.09957177510443208,2.4105089770695063
0.010482242869956472,0.0006982144003064089,2.3085939206232213,-0.057135246876913334,0.00037560132415521996,-2.3181361449625077,-0.094869449809312,0.08690977811536872,-1.645860934898512,-0.04867108154164031,0.13449086162337387,0.04557808352641588,-0.03623990738564252,0.09916002856740055,2.419369585842291
0.008302076513613385,0.0012452046414607033,2.2375333571484126,-0.05519102112655382,-0.00011183988178300368,-2.280273056212741,-0.09339961734291495,0.08750455710236597,-1.6837715692647572,-0.049117067034422875,0.13434625096936606,0.056821776700276994,-0.03697119180008279,0.0987474463871023,2.427165327665965
0.006059444641842657,0.0017308014544193916,2.168021757404384,-0.05318631963639825,-0.00048574502358037647,-2.2428123587635116,-0.091899190479796,0.08806404911951524,-1.7230766739822965,-0.04959445998701086,0.13416093723770642,0.06653906307379565,-0.03770110737283711,0.09833561040368524,2.4339864220990606
0.0037614566046000855,0.0021529725017647183,2.1000375852224153,-0.051129393825663366,-0.0007441582199723871,-2.2054994243329324,-0.09036937702130367,0.08858933410020617,-1.7638545583599963,-0.050101706022572516,0.13393116325346913,0.07465481328888278,-0.03842841005700917,0.09792620470169107,2.439896978170547
0.0014147335557479648,0.0025100801760898467,2.0336548037309368,-0.049028897524306385,-0.0008844548183898821,-2.168039455469028,-0.08881039329744264,0.08908066240334186,-1.8062302180116085,-0.050637821578602436,0.13365271538719756,0.08106090587949738,-0.03915142839872834,0.0975210650117306,2.444930932375189
-0.0009744067474866461,0.0028012783008727416,1.9690714960995923,-0.04689438334695944,-0.0009032445600138739,-2.130069727081837,-0.08722115285365203,0.08953718279634308,-1.8503898174230424,-0.05120248456090283,0.13332065114951366,0.08560284211515426,-0.0398679306125251,0.09712226608315772,2.449084776947793
-0.003399792805037811,0.003027273046600706,1.9066581327043173,-0.044737005828859866,-0.0007961517298309619,-2.0911203604887105,-0.08559875942421416,0.08995638603263686,-1.8966036662150123,-0.051796175624954095,0.13292882488099267,0.0880576078243536,-0.04057488967916385,0.09673227898267744,2.452305723777034
-0.0058552523842211246,0.003191821312170768,1.8470340923451314,-0.04257062135104692,-0.000557390847603543,-2.0505598331231396,-0.0839377544453451,0.09033301392913858,-1.9452598363401525,-0.052420320384089655,0.1324690480427842,0.08809721873606322,-0.04126806244357363,0.09635426048685121,2.4544738348971937
-0.00833445909920438,0.003304762175097666,1.7911773470108752,-0.040413587299608644,-0.0001790245074264991,-2.007529047108446,-0.08222918190334415,0.09065694791699778,-1.9969052191889411,-0.05307721822370525,0.13192960852996397,0.08523089435021725,-0.041941240993167525,0.09599259243159033,2.455378794621858
-0.010830758495837402,0.0033881513868750717,1.7405374689437114,-0.038291582685580555,0.00035010487716169826,-1.960905368742736,-0.08046009981343638,0.09090928097341769,-2.0522646537223266,-0.05376901856533387,0.13129283697622443,0.07872610022091506,-0.0425850107118506,0.09565385861592027,2.454703648708882
-0.01333699010080192,0.003487580204016417,1.696974575141328,-0.03624090310600542,0.0010449160278459394,-1.9094680490403813,-0.07861613155354488,0.09105615073479778,-2.1121190009328243,-0.05449369299087707,0.13053218183165674,0.06755865480393951,-0.04318521587538989,0.09534833765552844,2.4520691570926165
-0.015845497851533955,0.003685868130161547,1.661985013684599,-0.034307335615281105,0.0019201378307951342,-1.852689288928448,-0.07669342758174715,0.09104459005121661,-2.176751496087881,-0.05523481170670657,0.12961326648094446,0.0506065278073286,-0.043723285470494845,0.0950908843671693,2.447273047307202
-0.018349027817633548,0.004094273380208642,1.6347586991903624,-0.03252832266792462,0.0029752622902582647,-1.7922695795544756,-0.07472144031386806,0.09081742675963057,-2.2448973457726495,-0.05594999177253451,0.12851019946004444,0.027416386902945622,-0.04418398867196143,0.09489675445776188,2.440757860533935
-0.020843039595369182,0.004789615726803373,1.6111403604853767,-0.030902221895604286,0.004179239893921598,-1.7323486964313957,-0.07276442429943869,0.09035520135812172,-2.313651332162298,-0.056584124775862124,0.12723307408034873,-0.0010169985289899598,-0.04456913006391736,0.0947702140031159,2.4336473405848658
-0.023327043640731925,0.005759894542889319,1.5863385352812396,-0.029389341205470803,0.005485813417076239,-1.6766985381467157,-0.07087730768462111,0.08969280742686872,-2.3804596004881415,-0.05710714211904727,0.12582549262738546,-0.03291736790453047,-0.044897484346963876,0.09470009330179233,2.4268548517308934
-0.025802635778765955,0.0069359815463324,1.5577577570092516,-0.027946535118810602,0.006862004899869965,-1.6267416931336354,-0.06907674141175191,0.08888477525619119,-2.444462652278511,-0.057523283646905524,0.12433270424823793,-0.0669887294722951,-0.04519004039562657,0.0946697716201613,2.4205112503648656
-0.02827097793701502,0.008244518644121837,1.5248456989511194,-0.026546562238978416,0.008294020398476442,-1.5822427218474515,-0.06735361662917098,0.08797517053150537,-2.505957782000633,-0.0578517856738064,0.12278529606607541,-0.10269440857013795,-0.045461667597629936,0.09466581703951965,2.41422793248743
-0.03073189665874162,0.009628350192233444,1.4879911497044682,-0.02517704799611261,0.009779520960906233,-1.5424061211144324,-0.06569053912109449,0.08699242905208385,-2.5656076470336857,-0.05811235383973627,0.12120124922155368,-0.13997187699964805,-0.045721474682874616,0.09467929734058114,2.4074454188864607
-0.03318401185415232,0.011046982644243142,1.4478557648658035,-0.023834885619895274,0.011320731455861936,-1.5064004055865814,-0.06406968274883679,0.08595354092096966,-2.6240698116915784,-0.05832078487916459,0.11959141256311598,-0.17898262464270007,-0.045975156762730854,0.09470435138895271,2.399584151646707
-0.03562512288179695,0.012472487342375861,1.40510903294839,-0.022522079926055906,0.012920807896730722,-1.4735123395874692,-0.06247477275634395,0.08486847255411946,-2.681890000055487,-0.05848894827548373,0.11796325253582068,-0.21998394019871004,-0.046226777699768296,0.09473674323529363,2.390080869375385
-0.038052570818246534,0.013885770650774332,1.3603471205968412,-0.02124329435120635,0.014582212743085202,-1.443163772083174,-0.06089099293130715,0.08374320495877222,-2.739490352465202,-0.05862580774970998,0.11632289147336158,-0.2632706580477753,-0.04647985268502268,0.09477286723718883,2.378388504823361
-0.04046352212271345,0.015273937891811317,1.314080607137275,-0.020004457174794953,0.01630603960191705,-1.4148894671570003,-0.059304384398053654,0.08258170077951263,-2.797181892699121,-0.05873844150269203,0.11467611700374722,-0.30914704131098775,-0.046737978337409565,0.09480909629817665,2.3639709923994676
-0.04285517459932657,0.01662856738457267,1.2667459560735785,-0.018811959577407826,0.018091741804155043,-1.388308081126536,-0.05770125522537411,0.0813872348324978,-2.8551780789830294,-0.0588328415915653,0.11302881228178231,-0.35790938661639493,-0.0470051820978694,0.094841339449721,2.34630313127375
-0.04522492172780855,0.017944605123927683,1.218722400157757,-0.01767214823002699,0.019937013472891625,-1.3630959876182582,-0.05606777473615995,0.08016338202033788,-2.913603001762633,-0.058914489715409885,0.11138705051060374,-0.4098303297139175,-0.047286073802529485,0.09486473359235474,2.324878733978514
-0.04757050141716875,0.019219663468296982,1.1703477271282254,-0.01659095148506498,0.02183772476802603,-1.338965753899192,-0.0543898164517242,0.07891480784799626,-2.9724936956176533,-0.05898874754459052,0.10975697482203338,-0.46514132048908574,-0.047585825384891284,0.09487344501254887,2.2992274690430676
-0.049890143869354885,0.0204535807412806,1.1219307878350007,-0.015573553396708427,0.023787886746540927,-1.315648887816864,-0.052653080584492966,0.07764790051068185,-3.031798012364901,-0.05906109385787892,0.1081445318990999,-0.5240127238477327,-0.047909981899959535,0.09486058898493709,2.2689391322515338
-0.05218272604595932,0.021648143474238414,1.0737598020106323,-0.014624068597798447,0.02577965942138942,-1.292882203236706,-0.05084350435227855,0.07637121278862292,-3.0913702672648222,-0.05913722938572384,0.10655511462457752,-0.5865329359890865,-0.048264111269696014,0.09481829225308709,2.2336925333307014
-0.05444793259353873,0.022806898448322174,1.0261058770648377,-0.01374519716616536,0.02780343738751572,-1.270397342107254,-0.048947932729154126,0.0750956408962383,3.132218081402583,-0.05922306452912557,0.10499317339333565,-0.6526892521161927,-0.04865332433529984,0.09473792327264462,2.193284732294792
-0.056686414396632155,0.023934996039733588,0.9792213005477032,-0.012937861296604743,0.02984805535738766,-1.2479132412891565,-0.046954973199239476,0.07383426054157957,3.0729382852028486,-0.059324606516628894,0.10346186261480314,-0.7223538608827654,-0.04908173130216343,0.09461049829650739,2.147655488082509
-0.05889992684386049,0.025039016144361576,0.9333324077448937,-0.012200847965534369,0.03190115099144331,-1.225131521630349,-0.04485590854520548,0.07260177162382203,3.0144120781606927,-0.05944776914280778,0.10196278709238676,-0.7952780713842484,-0.049551930799540705,0.09442724076658589,2.096902003998822
-0.061091422107465466,0.026126738123697785,0.8886272702972325,-0.011530502609452431,0.033949704226029574,-1.2017348657659597,-0.04264551070689773,0.07141356659610139,2.9571597567676,-0.059598136293755634,0.10049589658689975,-0.8710967295252807,-0.050064637834102504,0.09418023562149722,2.0412805252929003
-0.06326506575179636,0.02720682986182159,0.8452390878277277,-0.010920533677972091,0.035980742985324596,-1.1773884161299704,-0.04032260175151698,0.07028451573087927,2.901767705287128,-0.059780715816199134,0.0990595476679996,-0.9493431094009902,-0.05061853779800285,0.09386309118279973,1.9811936921651063
-0.06542615035640036,0.028288448954816005,0.8032268888055373,-0.010361991031892996,0.03798216998632888,-1.1517440343361571,-0.03789024859057881,0.06922763060372804,2.848864122614114,-0.059999719733357895,0.09765071824081835,-1.0294728983796346,-0.05121040853855592,0.09347150999804393,1.9171650514412653
-0.06758088909548991,0.02938076974635072,0.7625557848940803,-0.009843468130732384,0.03994363213118819,-1.1244468845243516,-0.03535554618981947,0.06825280295498568,2.7990898773278516,-0.0602583993687706,0.09626533256208371,-1.1108946449527681,-0.05183549553170934,0.09300368102727272,1.8498041022078835
-0.06973608977505702,0.030492470009965144,0.7230793465507068,-0.00935154815138696,0.04185733181177302,-1.0951432360072493,-0.03272902114535327,0.06736580770617913,2.753067038339665,-0.06055895127009367,0.09489864109089728,-1.1930033364833255,-0.05248807449126856,0.0924604359777401,1.7797663704357611
-0.07189873124903659,0.0316312261612224,0.684526424332882,-0.008871472225995825,0.04371867701793286,-1.0634876986338029,-0.030023754473070905,0.06656770656239669,2.7113684109647647,-0.06090249569459554,0.09354560239737988,-1.2752135297388656,-0.05316210515731343,0.09184515416077282,1.7077133177596067
-0.074075483155708,0.03280327155083188,0.6464937225644516,-0.00838796380027404,0.04552669035113205,-1.029147465236254,-0.027254365199801834,0.06585470319734542,2.6744918883963766,-0.06128911828525338,0.09220123010443995,-1.3569885517990792,-0.05385187502596285,0.09116344276819008,1.634276589149171
-0.07627221872569083,0.03401306554531934,0.608443576909,-0.007886109902122795,0.04728414598696234,-0.9918007146050986,-0.02443600855582527,0.06521840095811285,2.6428433699389955,-0.06171796077974609,0.09086088954987534,-1.4378626969165822,-0.0545525498310435,0.09042265361938648,1.5600303560660413
-0.07849356200526234,0.03526310146835777,0.5697038294016352,-0.00735219020036032,0.04899747074409566,-0.9511261723834489,-0.021583526566592463,0.06464632071186961,2.6167312548006585,-0.06218734913619492,0.08952054945780435,-1.5174540831199224,-0.055260580807035956,0.08963131673235399,1.4854744270958333
-0.0807424809288681,0.036553852478418865,0.5294636433269961,-0.006774364629268836,0.050676517925767973,-0.9067806754652227,-0.01871085532167691,0.06412246623466768,2.5963742524070437,-0.06269495621048825,0.08817700925292848,-1.595466799772912,-0.05597395748442673,0.08879857345304007,1.4110295631045893
-0.08301988318974166,0.03788382232005793,0.48675544703760054,-0.006143178392983797,0.052334390895786786,-0.858360711467161,-0.015830760142400216,0.06362767809179287,2.581923015725001,-0.0632380099427009,0.08682813336149484,-1.6716818206071946,-0.056692331130834314,0.08793368053736624,1.3370454400112364
-0.08532408519498177,0.039249634982423495,0.4404076450858476,-0.005451910099488616,0.053987562798191675,-0.8053407857220736,-0.01295495762907276,0.06313946614775186,2.573495889045837,-0.06381358724926886,0.08547313615653071,-1.7459364265425,-0.057417063142388446,0.08704564456086784,1.2638211779244215
-0.08764986233525318,0.04064606587006165,0.38894147141800434,-0.004696876214298817,0.055656653861665746,-0.7469731377840603,-0.010094732462474231,0.06263088353950547,2.571231194888404,-0.06441909086179932,0.0841129831235091,-1.8180904535261584,-0.058151285706759565,0.08614304807629633,1.1916393997808379
-0.08998635573900332,0.04206591584548736,0.3303599193301646,-0.0038779982445588113,0.0573685242017912,-0.6821143439216267,-0.007262429038631274,0.0620676511920404,2.575363981977478,-0.06505305382372069,0.08275103042295384,-1.8879699205814453,-0.05890014429746523,0.08523410836907272,1.120824047004541
-0.09231186637174965,0.04349961390099761,0.26170936842586845,-0.003000405739220835,0.05916111113454782,-0.6088957768138232,-0.004475009401286473,0.061401706070932205,2.586349268181533,-0.06571669073714187,0.08139419647002649,-1.955259402378001,-0.05967154803376674,0.08432704861515579,1.051851322490981
-0.09457863563326138,0.04493447040901565,0.1781256265298146,-0.0020795145887467503,0.06109429941959417,-0.5240396383157829,-0.0017641838766481906,0.06055645453157136,2.6050836028066997,-0.06641749028469794,0.08005556825243218,-2.019244701009402,-0.060478276454167514,0.083431069614745,0.9856131008546491
-0.09666243879198727,0.046356994038415464,0.0706153116402448,-0.0011594379000728766,0.06327716956036947,-0.4213142736023493,0.0007896437766786656,0.059390305430591206,2.6332874390027787,-0.06717873731308843,0.07875901672627693,-2.078071102243444,-0.06134301156571272,0.08255709060860879,0.9241520991222074
-0.09815244628955756,0.04778882593089585,-0.07639029551871741,-0.00038805166722137574,0.06590888224821864,-0.2901386728788582,0.0029109012816667663,0.05763359611424543,2.6730451285790493,-0.06806171694701058,0.07754027215018292,-2.126130413313683,-0.06230097979574391,0.081709772071827,0.8731157619520586
-0.09802647932032778,0.04949333682529518,-0.2528354897480092,-0.00010462931309766776,0.06897304294284123,-0.13989972506972342,0.0038881069327269206,0.05525605272857423,2.714986382487534,-0.06909129718198526,0.07635099752378918,-2.1522183161404964,-0.0632780771923124,0.0808142156735418,0.8426633400035671
-0.09636707446691471,0.05171052200763345,-0.3960096700434573,-0.00024363813879176022,0.07183066976237273,-0.016663811804599308,0.0037463567651500685,0.05307509602926556,2.739033158516599,-0.07008649565902124,0.07502554251615157,-2.1610788788065722,-0.06406771376249171,0.07976424965414694,0.8271563833654171
-0.09413831623489365,0.054228851114259256,-0.5036402876221633,-0.0005053128293330406,0.07438075249225681,0.07966321374450373,0.0031426835370741493,0.051266316659275044,2.748865100516275,-0.07101452503117348,0.07357992139577758,-2.1643079471577855,-0.06472663099624434,0.07860343060216157,0.816146760828511
-0.0916920607599428,0.05690384785021318,-0.5902209250664379,-0.000793838137816541,0.07674024212200309,0.16050496299104117,0.0023352999632445977,0.0496980613717337,2.7506859084797726,-0.071903981908847,0.07206385142613539,-2.1654497354629467,-0.06532740486910364,0.0773742889402538,0.8068822389264326
-0.08913838802593775,0.0596756261014289,-0.6634415288357683,-0.001082452051929375,0.0789779347577579,0.23185761208462455,0.001412873668506981,0.04828883767683187,2.747472312362996,-0.07276883276280736,0.0705035388438476,-2.16554357613107,-0.06590193039111732,0.07609549847521946,0.7987016949354278
-0.086521776042295,0.06251539134350642,-0.7273318206977872,-0.0013618123587496866,0.08113150993198856,0.29689935642222454,0.0004140700039549725,0.04699372873797135,2.7407449478522787,-0.07361511098870376,0.06891337432395375,-2.165004789930615,-0.06646557495800967,0.07477575817117188,0.7914089156949894
-0.08386391027731202,0.06540711611051271,-0.7842157569351256,-0.0016282058262739457,0.08322357243564638,0.35750819852352084,-0.0006412888996231471,0.045785995537724944,2.7313733295875986,-0.0744454236761191,0.06730219244593559,-2.164035088860398,-0.06702670299685308,0.07341942823987112,0.7849498253975898
-0.08117671872485917,0.06834086861395257,-0.8355415147292866,-0.0018800998542748693,0.08526889301891696,0.4149010389323058,-0.0017420940009133558,0.04464850512383319,2.7198967350647294,-0.07526078500394484,0.06567588205377031,-2.162743220926295,-0.06759022317696761,0.07202875280979538,0.779323765054165
-0.07846727873032674,0.07130996616475116,-0.8822618882059627,-0.002116895866441232,0.08727782154345178,0.4699267347073563,-0.0028819007851884904,0.04356964547541872,2.7066674625213687,-0.07606142399295751,0.06403857026572901,-2.1611909633303736,-0.06815910735985178,0.07060486644627942,0.7745508609588794
-0.07573997044662406,0.07430958948207099,-0.9250259135992883,-0.002338406525845646,0.0892580405365617,0.5232146926539911,-0.0040570514503155235,0.042541223184730366,2.691921935609336,-0.07684717782322899,0.062393207663822725,-2.1594144658323247,-0.06873512662429897,0.06914831089702095,0.7706568310034257
-0.0729975337711933,0.07733603210799032,-0.9642832659516766,-0.0025446123811599247,0.09121553895230756,0.5752570033441162,-0.00526570463586102,0.04155730561482998,2.6758189514698074,-0.07761769969607252,0.060741875150061304,-2.1574358726935228,-0.0693192440474346,0.0676593291792507,0.7676643161222267
-0.07024163218377427,0.08038625475114461,-1.0003446657601829,-0.0027355401598002232,0.09315518904751044,0.6264573059459257,-0.006507292559292159,0.04061355088666612,2.658461425532596,-0.0783725760301863,0.0590859492884431,-2.1552706326575994,-0.06991184002266135,0.06613804749191265,0.7655869499465908
-0.0674732167664169,0.08345749327021096,-1.0334178746523504,-0.0029111722943483825,0.09508105191454455,0.6771602656866591,-0.0077821411948594856,0.03970685157153925,2.6399098990920824,-0.07911140063124031,0.057426237687440124,-2.152933829232917,-0.07051288249967415,0.06458462826173693,0.7644242195845994
-0.06469315730273932,0.0865459279191922,-1.063628087348852,-0.003071170463012897,0.09699606222529145,0.7276554720169031,-0.009090651989494332,0.03883553832294823,2.620198236236316,-0.07983385498724646,0.055763527287450806,-2.1504552202530736,-0.07112237593599507,0.06299969027337461,0.7641537434073968
-0.06190201005531655,0.08964732669395253,-1.0910411311505084,-0.0032151383535416744,0.09890264608368915,0.7782040969428358,-0.010433585855198994,0.03799889834989037,2.599332300899937,-0.08053967149303669,0.054098251921413945,-2.147874199480577,-0.07174015674356307,0.061384078449437454,0.7647324134940031
-0.05910006900294655,0.09275703571735608,-1.1156740755885495,-0.003342671345276285,0.10080287495077009,0.829050896652668,-0.011812005692826377,0.03719707290379498,2.577291403739329,-0.08122861304164221,0.05243047466371033,-2.145242131643599,-0.07236590630673223,0.05973883678161502,0.7660947569845744
-0.056287439777753974,0.09586988894014391,-1.1375012306005219,-0.0034533797487035986,0.10269852123285811,0.8804327632176465,-0.013227187169309734,0.03643104732825664,2.5540289742404423,-0.0819004528864861,0.050759908756094506,-2.1426260957978216,-0.07299918543981143,0.05806520511614321,0.768150450177839
-0.053464100915973915,0.0989801300676095,-1.1564571222861622,-0.003546913076699458,0.10459108053817333,0.9325864698103556,-0.014680546174145364,0.03570268272753506,2.5294719282947153,-0.08255495126390967,0.049085931839850494,-2.1401132272767747,-0.0736394595543841,0.05636461029167336,0.7707811638882047
-0.050629960170375146,0.10208133963961934,-1.1724366977347216,-0.0036229825899096804,0.10648176318333387,0.9857564660958973,-0.01617357822164352,0.0350147885376102,2.503518752568287,-0.08319182792093828,0.0474075948315556,-2.137815942261939,-0.07428611735689829,0.05463865384194673,0.7738364879301806
-0.04778491198964051,0.10516635991983644,-1.1852925835222097,-0.003681379515807298,0.10837145351439247,1.0402035644262897,-0.01770780778560453,0.034371242006039984,2.476036133236512,-0.08381072823111237,0.04572362549103181,-2.1358784228397814,-0.07493848510783727,0.05288909797392589,0.7771285814450846
-0.04492890188030643,0.10822720821827189,-1.1948287806712148,-0.0037219863372582873,0.11026063101347189,1.0962154943967028,-0.019284747484758263,0.03377716904268445,2.4468537333094593,-0.08441117875081205,0.04403242537186096,-2.1344849216062016,-0.07559583800048934,0.05111785137413418,0.7804250099507044
-0.04206200417175424,0.1112549649287005,-1.2007896213264784,-0.003744778609277452,0.11214924051555258,1.1541206228717442,-0.02090586834581102,0.03323921340402301,2.4157564171986086,-0.08499252536884136,0.04233205721757902,-2.1338707664875782,-0.07625740998615238,0.04932695657860752,0.7834389081653944
-0.03918452215336189,0.11423961450182112,-1.2028420015562187,-0.0037498152105686286,0.11403648775221796,1.21430672313633,-0.022572582769677767,0.03276594151508817,2.3824727567833164,-0.08555384284272341,0.04062021778131058,-2.1343375133891405,-0.07692240343784626,0.04751858135070493,0.7858150482352534
-0.03629712487126448,0.11716980261608335,-1.2005476176380598,-0.0037372164673217106,0.1159205163018363,1.2772476983781083,-0.024286240197844203,0.03236846548190704,2.346657902766507,-0.08609379700978134,0.03889418842425356,-2.1362747111175597,-0.07759000068943628,0.045695018254800164,0.7871094005186734
-0.03340104564861035,0.120032443152784,-1.1933198163577003,-0.0037071344014473102,0.11779788366981754,1.3435429117064288,-0.026048128103390075,0.03206143142413492,2.3078676450712594,-0.08661042750386194,0.03715075281659354,-2.140192638183194,-0.07825938165722002,0.04385870070900532,0.7867579388331536
-0.030498393445436343,0.12281205113711577,-1.180355832795534,-0.003659727956963791,0.11966267594395831,1.413976842064411,-0.027859448774015094,0.03186464228084797,2.2655183725305332,-0.08710079389337913,0.03538606970791439,-2.1467739820220175,-0.07892975808376612,0.042012253367670914,0.7840269823298749
-0.027592687658217974,0.1254895486667796,-1.1605286352100685,-0.003595180451531288,0.12150493544283546,1.4896118512201415,-0.02972117493581031,0.03180582883449126,2.218824153466722,-0.08756038051484993,0.03359549611121443,-2.1569596642985207,-0.07960045325905425,0.04015861808867743,0.7779305132051524
-0.02468987812642975,0.1280399798668737,-1.13221252531991,-0.0035138635892749508,0.12330771073947883,1.5719337666844977,-0.03163347273078031,0.03192558771296543,2.1666973926460997,-0.08798206690828479,0.03177340072378525,-2.1720990045715154,-0.08027111276815302,0.03830135783179308,0.7670859043697533
-0.021800545613794364,0.1304277827198789,-1.0930084033444742,-0.003416924379923709,0.12504120803867863,1.6630707391609567,-0.03359366589370273,0.032286522832431816,2.107599366427202,-0.08835433234380166,0.029913208004099405,-2.19422470149788,-0.08094232157775513,0.036445403680126394,0.749452089536028
-0.018945312757036713,0.13259621772825378,-1.0393835096469508,-0.0033079959404971396,0.12665079472032867,1.7660399024671776,-0.03558918537508913,0.032990210140711185,2.039374643222829,-0.0886583777772354,0.02800873985272548,-2.2265610759957366,-0.08161757957154595,0.03459893845025773,0.7218546455125712
-0.016169416244308513,0.13444349675549458,-0.966702134573567,-0.0031972941177299177,0.12803433325466124,1.8844902262980259,-0.03757335561803509,0.03420340057538894,1.9594543409737926,-0.08886592013049648,0.026061032986567742,-2.27431435559237,-0.0823099318479154,0.03277787162587186,0.6792816722240834
-0.013575941845717376,0.1357872379588607,-0.8724299832385971,-0.0031054070315464366,0.12902560197739385,2.019232259161833,-0.03939783631728426,0.036152829274093135,1.8674188947586654,-0.08895360717024042,0.024101080978320824,-2.3445476845551303,-0.0830604862248242,0.031011667140615727,0.6151517349252337
-0.011327108723714745,0.13643439832865376,-0.7666203615690418,-0.0030402105944255207,0.1295111708500752,2.1585839248040886,-0.04077701956233973,0.0389150935117545,1.7723735750871557,-0.08896962206698011,0.022209775007703134,-2.439724194828476,-0.08394651586499813,0.0293259870133367,0.5274382604618025
-0.0094697814749677,0.13645909346894447,-0.6695033701120756,-0.002955361898391476,0.12965735171054388,2.283446906978958,-0.04159541473353375,0.04218082239791736,1.6900381805590723,-0.0890382513570565,0.020431679689883634,-2.549719825037756,-0.08498811675529935,0.027696127460236274,0.42533647517116085
-0.00788099360725936,0.13612285177963585,-0.5893183399955857,-0.0027989876646898025,0.12972311596539324,2.388649618480572,-0.04205830810447474,0.04561074093841287,1.626331661731988,-0.0892131487473478,0.01871954032634564,-2.6628829587328857,-0.08611214238859512,0.026079579482276523,0.3188065946197795
-0.006440984311596031,0.13559985464613805,-0.5239887808592787,-0.0025532368458777138,0.12983780343225315,2.478472525264774,-0.04238266940896728,0.04906067832189076,1.579309694912647,-0.08947278949829099,0.017018783550294014,-2.7742615455539092,-0.08725517217059914,0.02446114198135378,0.2118600222398993
-0.005083958427083173,0.13496814004192062,-0.4701112217770722,-0.002217198106148068,0.13004300320428805,2.55744546655027,-0.04268761444637974,0.052483940748407676,1.5460194131601386,-0.08978223650575834,0.015301168016447805,-2.882671709780373,-0.08839304208194448,0.022842870750630975,0.10539859339041174
-0.003777451301751186,0.13426183150364834,-0.4251806352919319,-0.0017939655906200717,0.13034807436873885,2.628630294786795,-0.043028557927027256,0.05586437494610605,1.5241767641418777,-0.0901116399664882,0.013556375600228862,-2.988238760686558,-0.08952486897130955,0.021230235165440915,-0.0007236732936719089
-0.0025051211629971907,0.13349755002641983,-0.38755333556971633,-0.0012868190507513092,0.13075173357259107,2.6939511041290847,-0.04342992542219339,0.059195647483556185,1.5121544078062812,-0.09043686752298419,0.011783652645380845,-3.091530586603791,-0.09066029769612902,0.019626627897875788,-0.10702253233341244
-0.0012579306340588594,0.13268504989651492,-0.3561753346273705,-0.0006984199274512503,0.13124925957732128,2.7545969747445342,-0.043902536183779844,0.062474943722315504,1.5087918374443703,-0.09073752831052391,0.009987909735026425,3.0899073025175325,-0.09181314009244226,0.018031791036072033,-0.21417358576201886
-2.9674652103576298e-05,0.1318315786679494,-0.3303826202371895,-3.0790146377827524e-05,0.13183483165345786,2.811278811960321,-0.044452429777608334,0.06570058282341279,1.5132567756041173,-0.09099530051888571,0.00817836614561733,2.9889007372277243,-0.09299834880472205,0.01644153384922254,-0.3229470459339704
0.0011854953771329938,0.13094378649086258,-0.30977505214555884,0.000714528534062854,0.1325021299554122,2.864378180556638,-0.04508561718737936,0.06887076440839221,1.5249616896309082,-0.09119280432075642,0.006368503407865891,2.8877808641290867,-0.09423048949991891,0.014847781170868015,-0.434195841982279
0.002394624809877125,0.13002864969788602,-0.29413845079475187,0.0015362857153770882,0.13324421283116938,2.914029526690716,-0.04581093864771975,0.0719826064667542,1.543518375557402,-0.09131287766833843,0.00457682184095938,2.785635462468579,-0.09552282950350022,0.01323863802973554,-0.5488705788418494
0.0036070807704178193,0.12909401324089123,-0.2833986835167684,0.0024333191772917236,0.13405299971779427,2.9601582274004734,-0.04664208839416526,0.07503107564552912,1.5687186007293665,-0.09133810958719013,0.002828294229677286,2.681470246532099,-0.09688659879443154,0.011598395836611044,-0.6680544123427253
0.004835495449519527,0.12814904079305436,-0.2776025487514095,0.003404273494649815,0.1349184434465398,3.00248169162812,-0.04759933877678935,0.07800741299670552,1.6005332906929566,-0.09125052789912197,0.0011566721050029066,2.5741741025101907,-0.0983301567488905,0.00990752006523074,-0.7930174993212904
0.006096661649070017,0.12720474747583424,-0.27693088326594834,0.004447051619354012,0.1358273764123673,3.0404682077676766,-0.04871115831868625,0.08089643323228948,1.6391223969733784,-0.09103139197526615,-0.0003919551753593098,2.4624822028065343,-0.0998578573221149,0.008142773205609279,-0.9252906517569206
0.007412397039811198,0.12627473858478888,-0.2817615300056625,0.005557522785533458,0.13676199644671397,3.0732364431338843,-0.05001538172372701,0.08367162559919676,1.6848368197002963,-0.09066115964825308,-0.0017537111599424254,2.34496524592459,-0.1014684315042709,0.0062778348660347955,-1.0667453576516037
0.008810017496801102,0.1253761509375164,-0.2928122453848914,0.0067263669525518205,0.13769814704824823,3.0993741274661266,-0.051558045271409704,0.08628644484920214,1.7381558149931762,-0.09012009625256331,-0.0028390783370723233,2.220137390067039,-0.10315285813515934,0.0042851653248137354,-1.219615858610812
0.01032077921008848,0.12453020900609911,-0.31137868214164194,0.00793186796922875,0.1386045053420298,3.116704699688091,-0.05338362870605044,0.08866106910751678,1.7994019275388693,-0.089391344985244,-0.00352440312256877,2.0869455715936978,-0.10489242728844923,0.0021401552712825506,-1.3862373104097871
0.011971704845543274,0.12375992683697225,-0.33950303056244563,0.009127017336615827,0.1394466165364578,3.1223067213215767,-0.05550262277380131,0.09067336925681632,1.867927992190352,-0.08847190209924251,-0.003654439593823708,1.9461556049197473,-0.10665959821625404,-0.00017344147698061417,-1.5679434287921146
0.013765425947254325,0.12307981909666582,-0.37931920810241043,0.010230676401634334,0.14020139922403968,3.1137324960096975,-0.05783043536344709,0.09219210482475979,1.9407908270421592,-0.08739967096467981,-0.003086557734809481,1.8026422090409737,-0.10842391109111019,-0.0026664363599584414,-1.762682099536542
0.015666820136061937,0.12248304365998258,-0.43100206504471356,0.011156545734096173,0.14087594558863933,3.0916484953591428,-0.060169547088450195,0.09318536655989194,2.0128192181975813,-0.08628732688566015,-0.001784873573192014,1.6655247262359012,-0.11015184864495876,-0.005367146562102961,-1.9635172875974332
0.017627553991236278,0.12194780770787406,-0.4915336203819261,0.011872259478431093,0.1414978701469518,3.060526643476817,-0.062324468056527166,0.0937850054951265,2.0796982366657066,-0.0853063280315208,0.00014002525689219003,1.5432114274564097,-0.11178977400146414,-0.008323725024759792,-2.161866940686815
0.019620116566071332,0.1214597155303743,-0.5566489443845393,0.012407994911974949,0.1420870312952254,3.0255345823224022,-0.06421293998986183,0.09418652616776871,2.140218968055465,-0.0846140562659302,0.0025076046598401375,1.4392940921529822,-0.11326632568081527,-0.011559073836282867,-2.3520483425538363
0.021638333096470085,0.12101931026830147,-0.6230472362235092,0.012816464171019441,0.14264747285889837,2.9900641604189637,-0.06584523687847268,0.09453725880809749,2.19529730663173,-0.08430499951244286,0.005149286874979439,1.3535953005373327,-0.114522560568883,-0.015046908696330852,-2.531942671680996
0.02368358679026886,0.12063566262412807,-0.688836939973865,0.013144655711883122,0.14317453842701908,2.955660978855358,-0.0672636468972636,0.09491627502101063,2.2464424337732094,-0.08441289549581593,0.007936530868968283,1.284483962505735,-0.11552930199279351,-0.018730355464463163,-2.7015764572412118
0.02575691766904603,0.12031978189570508,-0.7531463148595825,0.01342660831018885,0.143661076989492,2.922738138816811,-0.06850970647703647,0.09535591749437233,2.295053838565644,-0.08493234864730542,0.010779929149028589,1.2301178372569677,-0.11628383282388297,-0.02254625575457029,-2.861958030172803
0.027856941520536055,0.12008137443031244,-0.8157049410723277,0.01368458963170672,0.14410007023490617,2.8911477592069605,-0.06961431773750844,0.09586331444909203,2.3422469032616773,-0.08583816720359269,0.01362069201737133,1.188880551011566,-0.1167998012964798,-0.026438207175006327,-3.014476245748515
0.02998000266796006,0.11992772224936961,-0.8765673810883211,0.01393183366070688,0.1444854139418027,2.860512669766093,-0.07059698391852938,0.0964337720600606,2.3888548461469683,-0.08709778417034292,0.016421766417518302,1.159493402527778,-0.11709852160187133,-0.030360388316292147,3.122549094626992
0.03212079025098522,0.11986341062036009,-0.9359489538096128,0.014174968194326537,0.1448121229426853,2.8304065629176014,-0.07146755463707449,0.09705805729140818,2.4354635725347413,-0.08867822315290622,0.01916040830322542,1.1410216140858482,-0.11720331350861268,-0.034276885632610596,2.9812198510067383
0.03427288027122805,0.11989025377494264,-0.9941240720703479,0.014415956909847816,0.14507653434232767,2.800458519303972,-0.07222825231063876,0.09772616647018192,2.482434896011782,-0.09054985262090706,0.021822280694597115,1.1328545999753237,-0.11713621561843743,-0.03815933768907838,2.8431773459681065
0.03642913064464955,0.12000716528544948,-1.051350613790914,0.01465382889308663,0.14527677527818117,2.770426673859381,-0.07287543406682273,0.0984291755380475,2.5299052338445147,-0.09268867996965091,0.02439656792851848,1.134687983719182,-0.11691609474871406,-0.041984007561705755,2.7068146250484393
0.03858199380121681,0.12020993056169221,-1.1077957711696216,0.014886587917228147,0.14541367243200617,2.7402642518288065,-0.07340107012285986,0.09915990133484186,2.5777548408397557,-0.09507844117638624,0.02687139660292677,1.146518372994961,-0.11655738289657941,-0.04572837562403673,2.5703720968319166
0.04072383226735186,0.12049095445029352,-1.1634471305803495,0.015113720631561335,0.1454922816483253,2.7101874299926734,-0.07379398136993376,0.0999124693580685,2.625542457508426,-0.09771346577503107,0.02922869652863637,1.168659829680099,-0.11606892197443269,-0.04936662521909545,2.4317960181298943
0.04284728343919396,0.12083906032388154,-1.2179989554828035,0.015339649186244631,0.14552428393267502,2.6807473842244143,-0.07404069931811451,0.10068034594660777,2.672392070791735,-0.10060312861220368,0.031437222661263656,1.2017978937605815,-0.11545261977680174,-0.05286248222501341,2.2885195701582997
0.0449456143274379,0.12123910389229736,-1.2707054106379363,0.015578185648972946,0.14553176285873012,2.6529175925076136,-0.07412555130805507,0.10145178337617627,2.716787620650639,-0.10377822955489202,0.033441189422187226,1.2471079618088203,-0.11470196511658107,-0.056155983440645874,2.137128229844104
0.04701281952880577,0.12166997830363734,-1.3201823425728818,0.015857176793983404,0.1455537455980795,2.6282578126270466,-0.0740298230091692,0.10220056425110854,2.7561399795294563,-0.10729714447079013,0.03513850555525477,1.3064463269289994,-0.11380168148095794,-0.05913623549145737,1.9729190736660667
0.049042906009549074,0.12209620791235691,-1.3641541571940399,0.0162185286129662,0.14565836453992376,2.6093323661267824,-0.07373321576752853,0.10286784675507993,2.785805728048886,-0.11123606891088389,0.03633645184637298,1.3823676586460938,-0.11273544797717382,-0.061583745101864706,1.7898471126567828
0.05102746546208988,0.12244328947273075,-1.3995982154219788,0.016689379774293057,0.14595691587406076,2.6004580355530615,-0.07323601233636776,0.10333449966113431,2.7975033617619407,-0.11558945325258965,0.0366904012065305,1.476341698028776,-0.11152945838089003,-0.06308242281142151,1.5839110477623566
0.05295359020021781,0.12258008627037666,-1.4256567846689803,0.01717458814903311,0.14655742142528005,2.606478742381469,-0.07262862080264293,0.103441021876196,2.7814700652967193,-0.11997319612931434,0.035824619804761246,1.5818344255244434,-0.11035721228427,-0.06312756138891067,1.3660104133116127
0.05481324081140232,0.12243246312293389,-1.4482804520358863,0.017425084464324378,0.1474026873763727,2.6259433514135857,-0.07207052081627693,0.10314466340828077,2.7387221412756495,-0.12368082046155292,0.03385772486252937,1.6833001275955661,-0.10948306487328256,-0.06173392386525735,1.1633982167356522
